subj_id,rt,response,same_hf
pilot_3,0.609764307646,1.0,1.0
pilot_3,0.66446565586,1.0,1.0
pilot_3,0.632344413738,1.0,1.0
pilot_3,0.617017798531,1.0,1.0
pilot_3,0.671272810567,1.0,0.0
pilot_3,0.561972817977,1.0,1.0
pilot_3,0.6617978178,1.0,1.0
pilot_3,0.708663919064,1.0,1.0
pilot_3,0.697561965568,1.0,0.0
pilot_3,0.773446345707,1.0,0.0
pilot_3,0.748480442086,1.0,0.0
pilot_3,0.727109277259,1.0,0.0
pilot_3,0.729859295612,1.0,0.0
pilot_3,0.999673888782,1.0,0.0
pilot_3,0.740009352436,1.0,1.0
pilot_3,0.65539936401,1.0,1.0
pilot_3,0.608136546809,1.0,1.0
pilot_3,0.693113218842,1.0,0.0
pilot_3,0.686879888684,1.0,0.0
pilot_3,0.629279472574,1.0,0.0
pilot_3,0.658113446485,1.0,1.0
pilot_3,0.624397370986,1.0,0.0
pilot_3,0.606423137031,1.0,1.0
pilot_3,0.597231063253,1.0,1.0
pilot_3,0.643703708645,1.0,0.0
pilot_3,0.661064261059,1.0,1.0
pilot_3,0.835492247774,1.0,1.0
pilot_3,0.704769542031,1.0,0.0
pilot_3,0.647992066013,1.0,0.0
pilot_3,0.614051174216,1.0,1.0
pilot_3,0.610988149489,1.0,0.0
pilot_3,0.618334167671,1.0,1.0
pilot_3,0.795278951287,1.0,1.0
pilot_3,0.728915091517,1.0,0.0
pilot_3,0.938273837255,1.0,0.0
pilot_3,0.841246645348,1.0,0.0
pilot_3,0.734523813961,1.0,1.0
pilot_3,0.66526077794,1.0,0.0
pilot_3,0.578703335239,1.0,1.0
pilot_3,0.756246471352,1.0,1.0
pilot_3,0.671252216081,1.0,0.0
pilot_3,0.740992118599,1.0,1.0
pilot_3,0.693519067334,1.0,1.0
pilot_3,0.645311358518,1.0,0.0
pilot_3,0.706833727209,1.0,0.0
pilot_3,0.764054181578,1.0,1.0
pilot_3,0.676319543443,1.0,0.0
pilot_3,0.899311177816,1.0,1.0
pilot_3,0.600182585462,1.0,0.0
pilot_3,0.530270714129,1.0,1.0
pilot_3,0.60887055672,1.0,1.0
pilot_3,0.720971186003,1.0,0.0
pilot_3,0.68863653375,1.0,1.0
pilot_3,0.673015455041,1.0,0.0
pilot_3,0.695077748836,1.0,1.0
pilot_3,0.648195027847,1.0,0.0
pilot_3,0.675866890075,1.0,0.0
pilot_3,0.442063736951,1.0,0.0
pilot_3,1.02880818492,1.0,0.0
pilot_3,0.693666638079,1.0,1.0
pilot_3,0.687416471847,1.0,0.0
pilot_3,0.658474835709,1.0,1.0
pilot_3,0.544731054782,1.0,0.0
pilot_3,0.568633278275,1.0,1.0
pilot_3,0.539386876804,1.0,0.0
pilot_3,0.638700199055,1.0,1.0
pilot_3,0.646905991078,1.0,1.0
pilot_3,0.582005675202,1.0,1.0
pilot_3,0.565488108901,1.0,1.0
pilot_3,0.530266112206,1.0,0.0
pilot_3,0.920866857958,1.0,1.0
pilot_3,0.612950267172,1.0,1.0
pilot_3,0.535265745859,1.0,0.0
pilot_3,0.767096941463,1.0,0.0
pilot_3,0.517712794966,1.0,0.0
pilot_3,0.52042541911,1.0,1.0
pilot_3,0.616651762208,1.0,0.0
pilot_3,0.778589656169,1.0,0.0
pilot_3,0.615942703062,1.0,1.0
pilot_3,0.531719867438,1.0,0.0
pilot_3,0.41899938801,1.0,1.0
pilot_3,0.647299563419,1.0,1.0
pilot_3,0.563972425865,1.0,1.0
pilot_3,0.728434463079,1.0,0.0
pilot_3,0.6680925153,1.0,0.0
pilot_3,0.585486973509,1.0,0.0
pilot_3,0.49796663702,1.0,1.0
pilot_3,0.680839788169,1.0,1.0
pilot_3,0.784551139981,1.0,1.0
pilot_3,0.578704163579,1.0,0.0
pilot_3,0.60878768291,1.0,1.0
pilot_3,0.484424368422,1.0,1.0
pilot_3,0.530943581871,1.0,0.0
pilot_3,0.603509947836,1.0,0.0
pilot_3,0.630210966054,1.0,0.0
pilot_3,0.530590808858,1.0,1.0
pilot_3,0.506306304838,1.0,1.0
pilot_3,0.520549017076,1.0,1.0
pilot_3,0.434262935434,1.0,0.0
pilot_3,0.511697513217,1.0,0.0
pilot_3,0.662635305182,1.0,1.0
pilot_3,0.503159662663,1.0,0.0
pilot_3,0.447783667563,1.0,0.0
pilot_3,0.442453463354,1.0,1.0
pilot_3,0.580863894007,1.0,1.0
pilot_3,0.704743688457,1.0,1.0
pilot_3,0.564186268344,1.0,0.0
pilot_3,0.723571966344,1.0,1.0
pilot_3,0.785007765637,1.0,0.0
pilot_3,0.644616578786,1.0,1.0
pilot_3,0.559008230804,1.0,0.0
pilot_3,0.647203892171,1.0,1.0
pilot_3,0.610273618433,1.0,0.0
pilot_3,0.708387800438,1.0,0.0
pilot_3,0.514202021966,1.0,0.0
pilot_3,0.549678234476,1.0,0.0
pilot_3,0.486973186087,1.0,0.0
pilot_3,0.659723147972,1.0,0.0
pilot_3,0.585948177088,1.0,1.0
pilot_3,0.494224553007,1.0,1.0
pilot_3,0.534156469304,1.0,1.0
pilot_3,0.403620006142,1.0,1.0
pilot_3,0.419587864315,1.0,0.0
pilot_3,0.441242437653,1.0,0.0
pilot_3,0.705625427934,1.0,0.0
pilot_3,0.456229131636,1.0,1.0
pilot_3,0.724142020132,1.0,0.0
pilot_3,0.469385414948,0.0,0.0
pilot_3,0.619975725811,1.0,0.0
pilot_3,0.503975274056,1.0,0.0
pilot_3,0.617423442673,1.0,0.0
pilot_3,0.634610225596,1.0,0.0
pilot_3,0.574410016307,1.0,1.0
pilot_3,0.577154361927,1.0,0.0
pilot_3,0.51999329458,1.0,1.0
pilot_3,0.59751133946,1.0,0.0
pilot_3,0.527292429186,1.0,1.0
pilot_3,0.641568640985,1.0,1.0
pilot_3,0.620586512578,1.0,0.0
pilot_3,0.471918636045,1.0,0.0
pilot_3,0.467816092794,1.0,1.0
pilot_3,0.728129059284,1.0,1.0
pilot_3,0.490074100191,1.0,0.0
pilot_3,0.577261978979,1.0,1.0
pilot_3,0.490190084281,1.0,1.0
pilot_3,0.48371803288,1.0,1.0
pilot_3,0.507011476398,1.0,1.0
pilot_3,0.534326851321,1.0,0.0
pilot_3,0.485291647787,1.0,1.0
pilot_3,0.392190572391,1.0,0.0
pilot_3,0.400779535747,1.0,1.0
pilot_3,0.500676516742,1.0,1.0
pilot_3,0.655120899773,1.0,1.0
pilot_3,0.562374379366,1.0,0.0
pilot_3,0.523147535456,1.0,0.0
pilot_3,0.399503269946,1.0,1.0
pilot_3,0.593998361674,1.0,1.0
pilot_3,0.54908257311,1.0,1.0
pilot_3,0.621808890442,1.0,0.0
pilot_3,0.676659834193,1.0,1.0
pilot_3,0.576483468158,1.0,0.0
pilot_3,0.512014230004,1.0,1.0
pilot_3,0.538511464401,1.0,0.0
pilot_3,0.467998438966,1.0,0.0
pilot_3,0.457217366184,1.0,0.0
pilot_3,0.47319689699,1.0,1.0
pilot_3,0.446721025062,1.0,0.0
pilot_3,0.710241197085,1.0,1.0
pilot_3,0.644351908322,1.0,1.0
pilot_3,0.594154533104,1.0,1.0
pilot_3,0.48495226973,1.0,1.0
pilot_3,0.564486605752,1.0,1.0
pilot_3,0.503275592757,1.0,0.0
pilot_3,0.448755618731,1.0,0.0
pilot_3,0.504953195126,1.0,0.0
pilot_3,0.530506984236,1.0,1.0
pilot_3,0.616627588603,1.0,0.0
pilot_3,0.580697741567,1.0,0.0
pilot_3,0.34028449449,1.0,0.0
pilot_3,0.50775266784,1.0,1.0
pilot_6,0.615232112757,1.0,1.0
pilot_6,0.833465139622,1.0,1.0
pilot_6,0.761480184304,1.0,0.0
pilot_6,0.536959285442,1.0,1.0
pilot_6,0.597523021078,1.0,0.0
pilot_6,0.594212117416,1.0,0.0
pilot_6,0.715832568752,1.0,1.0
pilot_6,0.472331406528,1.0,1.0
pilot_6,0.514828541379,1.0,1.0
pilot_6,0.661249084479,1.0,1.0
pilot_6,0.640330032541,1.0,1.0
pilot_6,1.10903650119,1.0,0.0
pilot_6,0.829781291117,1.0,0.0
pilot_6,0.689961679066,1.0,0.0
pilot_6,0.719632452989,1.0,0.0
pilot_6,0.626584587557,1.0,0.0
pilot_6,0.583906737231,1.0,1.0
pilot_6,0.627895461219,1.0,0.0
pilot_6,0.593057323108,1.0,0.0
pilot_6,0.479812055299,1.0,0.0
pilot_6,0.436390931967,1.0,1.0
pilot_6,0.515576869511,1.0,0.0
pilot_6,0.737331056414,1.0,1.0
pilot_6,0.502397411554,1.0,1.0
pilot_6,0.469705708064,1.0,0.0
pilot_6,0.576837666939,1.0,1.0
pilot_6,0.50407199297,1.0,1.0
pilot_6,0.482312456589,1.0,1.0
pilot_6,0.614783832623,1.0,0.0
pilot_6,0.544033419686,1.0,1.0
pilot_6,0.481796878265,1.0,0.0
pilot_6,0.401502123979,1.0,0.0
pilot_6,0.633283872505,0.0,1.0
pilot_6,0.88368901975,1.0,1.0
pilot_6,0.543599818943,1.0,0.0
pilot_6,0.495180553477,1.0,0.0
pilot_6,0.441333178276,1.0,1.0
pilot_6,0.614583821682,1.0,0.0
pilot_6,0.544649679885,1.0,0.0
pilot_6,0.473835394372,1.0,1.0
pilot_6,0.447599405299,1.0,1.0
pilot_6,0.722677832327,1.0,0.0
pilot_6,0.502459768967,1.0,0.0
pilot_6,0.503804902307,1.0,1.0
pilot_6,0.458766302199,1.0,0.0
pilot_6,0.43496977299,1.0,0.0
pilot_6,0.546983498743,1.0,0.0
pilot_6,0.46825715405,1.0,0.0
pilot_6,0.610641660784,1.0,0.0
pilot_6,0.534392425248,1.0,0.0
pilot_6,0.440458794506,1.0,1.0
pilot_6,1.11163029442,1.0,1.0
pilot_6,0.488143339709,1.0,1.0
pilot_6,0.569461942358,1.0,1.0
pilot_6,0.459618297004,1.0,1.0
pilot_6,0.470101899511,0.0,1.0
pilot_6,0.544945419925,1.0,1.0
pilot_6,0.49032321237,1.0,0.0
pilot_6,0.463703886552,1.0,0.0
pilot_6,0.417499533416,1.0,1.0
pilot_6,0.490658627213,1.0,1.0
pilot_6,0.424626692689,1.0,1.0
pilot_6,0.555143397944,1.0,0.0
pilot_6,0.423989432688,1.0,0.0
pilot_6,0.343208688977,1.0,1.0
pilot_6,0.421139816332,1.0,0.0
pilot_6,0.657140695147,1.0,0.0
pilot_6,0.602591293376,1.0,1.0
pilot_6,0.567140696206,1.0,1.0
pilot_6,0.488188687283,1.0,0.0
pilot_6,0.515627683034,1.0,1.0
pilot_6,0.467991347375,1.0,0.0
pilot_6,0.500514158102,1.0,1.0
pilot_6,0.40132154368,1.0,1.0
pilot_6,0.436738847517,1.0,0.0
pilot_6,0.415604865248,1.0,1.0
pilot_6,0.389906477469,1.0,0.0
pilot_6,0.392050701288,1.0,1.0
pilot_6,0.390245105104,1.0,1.0
pilot_6,0.350553432673,1.0,0.0
pilot_6,0.481309800025,1.0,1.0
pilot_6,0.448605929004,1.0,0.0
pilot_6,0.487232995454,1.0,0.0
pilot_6,0.504436996358,1.0,1.0
pilot_6,0.519485874721,1.0,1.0
pilot_6,0.441706434763,1.0,0.0
pilot_6,0.532116683019,1.0,0.0
pilot_6,0.489305477949,1.0,1.0
pilot_6,0.423542271719,1.0,1.0
pilot_6,0.975229768191,1.0,1.0
pilot_6,0.425387575528,1.0,1.0
pilot_6,0.597782524988,1.0,0.0
pilot_6,0.643096810148,1.0,1.0
pilot_6,0.54248914222,1.0,0.0
pilot_6,0.5502925696,1.0,0.0
pilot_6,0.4845768441,1.0,0.0
pilot_6,0.488007564164,1.0,1.0
pilot_6,0.535404942894,1.0,1.0
pilot_6,0.516047289085,1.0,1.0
pilot_6,0.74846326764,1.0,0.0
pilot_6,0.45630015741,1.0,1.0
pilot_6,0.431818765,1.0,0.0
pilot_6,0.474596853206,1.0,1.0
pilot_6,0.454332859926,1.0,0.0
pilot_6,0.45259210231,1.0,1.0
pilot_6,0.853102564799,1.0,0.0
pilot_6,0.490476024932,1.0,0.0
pilot_6,0.609425037411,1.0,1.0
pilot_6,0.463818356651,1.0,0.0
pilot_6,0.570603296792,1.0,0.0
pilot_6,0.504916613844,1.0,0.0
pilot_6,0.506545862509,1.0,0.0
pilot_6,0.481120993803,1.0,0.0
pilot_6,0.456378294675,1.0,1.0
pilot_6,0.503908149335,1.0,0.0
pilot_6,0.581435489667,1.0,1.0
pilot_6,0.530834089915,1.0,1.0
pilot_6,0.485446095096,1.0,1.0
pilot_6,0.449033274981,1.0,0.0
pilot_6,0.602252968913,1.0,0.0
pilot_6,0.536878717847,1.0,1.0
pilot_6,0.459754747721,1.0,0.0
pilot_6,0.368586944123,1.0,0.0
pilot_6,0.578590811616,1.0,1.0
pilot_6,0.459250512466,1.0,1.0
pilot_6,0.486556129471,1.0,0.0
pilot_6,0.498041938547,1.0,1.0
pilot_6,0.458068637942,1.0,1.0
pilot_6,0.434049814002,1.0,1.0
pilot_6,0.505963849987,1.0,1.0
pilot_6,0.591250896462,1.0,1.0
pilot_6,0.492410424726,1.0,1.0
pilot_6,0.466943337239,1.0,0.0
pilot_6,0.468950927167,1.0,1.0
pilot_6,0.489957512636,1.0,0.0
pilot_6,0.552128363498,1.0,1.0
pilot_6,0.491473536366,1.0,1.0
pilot_6,0.442290538442,1.0,0.0
pilot_6,0.581954472781,1.0,0.0
pilot_6,0.456048711777,1.0,0.0
pilot_6,0.457027053745,1.0,1.0
pilot_6,0.609566440904,1.0,0.0
pilot_6,0.390493910763,1.0,0.0
pilot_6,0.452658833681,1.0,0.0
pilot_6,0.435036402716,1.0,1.0
pilot_6,0.512144538639,1.0,1.0
pilot_6,0.514779737838,1.0,0.0
pilot_6,0.415150948696,1.0,0.0
pilot_6,0.463652869385,1.0,1.0
pilot_6,0.436079378547,1.0,1.0
pilot_6,0.400468696883,1.0,1.0
pilot_6,0.498688468461,1.0,0.0
pilot_6,0.4417131067,1.0,1.0
pilot_6,0.559300419995,1.0,0.0
pilot_6,0.452749948824,1.0,0.0
pilot_6,0.46747987619,1.0,0.0
pilot_6,0.567274329771,1.0,0.0
pilot_6,0.466849384124,1.0,0.0
pilot_6,0.448023079312,1.0,1.0
pilot_6,0.40122976572,1.0,1.0
pilot_6,0.552273748129,1.0,0.0
pilot_6,0.434924815766,1.0,1.0
pilot_6,0.360632002993,1.0,0.0
pilot_6,0.478236181777,1.0,1.0
pilot_6,0.456227060098,1.0,1.0
pilot_6,0.403424629062,1.0,0.0
pilot_6,0.449719281348,1.0,0.0
pilot_6,0.465852715504,1.0,0.0
pilot_6,0.440868323827,1.0,1.0
pilot_6,0.387067028192,1.0,0.0
pilot_6,0.370086035661,1.0,0.0
pilot_6,0.324802223861,1.0,1.0
pilot_6,0.454904936541,1.0,0.0
pilot_6,0.455429811602,1.0,0.0
pilot_6,0.500833703094,1.0,1.0
pilot_6,0.393060992602,1.0,0.0
pilot_6,0.440295494042,1.0,0.0
pilot_6,0.568804699367,1.0,1.0
pilot_6,0.473064446805,1.0,1.0
pilot_6,0.544807172403,1.0,1.0
1,0.498120642413,1.0,0.0
1,0.491628058269,1.0,0.0
1,0.612812677748,1.0,1.0
1,0.498815992498,1.0,0.0
1,0.519457385672,1.0,1.0
1,0.511538999213,1.0,0.0
1,0.552657841661,1.0,0.0
1,0.592288261047,1.0,0.0
1,0.544375364494,1.0,0.0
1,0.59526587867,1.0,0.0
1,0.504782900345,1.0,1.0
1,0.523943334323,1.0,0.0
1,0.58544913301,1.0,0.0
1,0.549135993293,1.0,1.0
1,0.427366820659,1.0,1.0
1,0.552818704804,1.0,0.0
1,0.437112749743,1.0,1.0
1,0.437394396111,1.0,1.0
1,0.61390234594,1.0,1.0
1,0.538819178793,1.0,1.0
1,0.559451548135,1.0,0.0
1,0.673864660712,1.0,1.0
1,0.410569034619,1.0,1.0
1,0.47459614808,1.0,0.0
1,0.406458330821,1.0,0.0
1,0.491608553013,1.0,0.0
1,0.466299184016,1.0,1.0
1,0.537558921656,1.0,1.0
1,0.457155804877,1.0,0.0
1,0.462898725193,1.0,0.0
1,0.485301865963,1.0,1.0
1,0.801960847966,1.0,1.0
1,0.547440565177,1.0,0.0
1,0.471550686983,1.0,0.0
1,0.436983986321,1.0,1.0
1,0.424435339301,1.0,0.0
1,0.416162173933,1.0,0.0
1,0.404706875866,1.0,1.0
1,0.411294572928,1.0,0.0
1,0.483232573344,1.0,0.0
1,0.580722976723,1.0,1.0
1,0.452501005158,1.0,0.0
1,0.488999876819,1.0,1.0
1,0.491562167939,1.0,1.0
1,0.504575808489,1.0,1.0
1,0.556900635987,1.0,1.0
1,0.51759689489,1.0,1.0
1,0.502037436076,1.0,1.0
1,0.575411633763,1.0,0.0
1,0.643350524988,1.0,1.0
1,0.873157046852,1.0,1.0
1,0.603795730916,1.0,1.0
1,0.691785210292,1.0,0.0
1,0.584007394675,1.0,1.0
1,0.592094546111,1.0,1.0
1,0.432156308874,1.0,0.0
1,0.428360580787,1.0,1.0
1,0.43178321833,1.0,0.0
1,0.406181217186,1.0,0.0
1,0.623178052439,1.0,0.0
1,0.478454962082,1.0,1.0
1,0.532303293934,1.0,1.0
1,0.425281439559,1.0,0.0
1,0.516708891824,1.0,0.0
1,0.73739932802,1.0,0.0
1,0.579976528461,1.0,1.0
1,0.721364528712,1.0,1.0
1,0.438700110812,1.0,1.0
1,0.536838942047,1.0,1.0
1,0.501647059893,1.0,1.0
1,0.558178388426,1.0,0.0
1,0.594040487194,1.0,1.0
1,0.556175970472,1.0,1.0
1,0.472016439671,1.0,1.0
1,0.534459050818,1.0,1.0
1,0.400545175929,1.0,0.0
1,0.530838426406,1.0,0.0
1,0.432867924639,1.0,1.0
1,0.563260532785,1.0,0.0
1,0.520611441767,1.0,0.0
1,0.431089194215,1.0,0.0
1,0.472765410697,1.0,0.0
1,0.420144837102,1.0,0.0
1,0.424075637668,1.0,0.0
1,0.449108558649,1.0,1.0
1,0.39507549048,1.0,0.0
1,0.521897870043,1.0,1.0
1,0.521382438354,1.0,0.0
1,0.442914486892,1.0,1.0
1,0.518890127365,1.0,0.0
1,0.401213838893,1.0,0.0
1,0.426550464996,1.0,0.0
1,0.449035651283,1.0,1.0
1,0.43449130618,1.0,1.0
1,0.35959831404,1.0,1.0
1,0.389823156351,1.0,0.0
1,0.35558557912,1.0,0.0
1,0.454578985242,1.0,0.0
1,0.393455639714,1.0,1.0
1,0.407228538606,1.0,1.0
1,0.417804487923,1.0,0.0
1,0.338502375947,1.0,0.0
1,0.416293802133,1.0,0.0
1,0.32926848263,1.0,1.0
1,0.358445251084,1.0,0.0
1,0.344427548262,1.0,1.0
1,0.353792650159,1.0,1.0
1,0.432764639525,1.0,1.0
1,0.431689371035,1.0,1.0
1,0.595903647918,1.0,0.0
1,0.369840520012,1.0,1.0
1,0.58022538267,1.0,0.0
1,0.450728319425,1.0,1.0
1,0.566397048053,1.0,1.0
1,0.416097105248,1.0,0.0
1,0.531302181131,1.0,1.0
1,0.410620942406,1.0,1.0
1,0.401248065042,1.0,0.0
1,0.499429003423,1.0,0.0
1,0.367928241438,1.0,0.0
1,0.430732306166,1.0,1.0
1,0.371818206811,1.0,1.0
1,0.513723219541,1.0,1.0
1,0.544059959619,1.0,0.0
1,0.498056470868,1.0,1.0
1,0.563944725931,1.0,0.0
1,0.465968764634,1.0,0.0
1,0.601037013257,1.0,0.0
1,0.950274029703,1.0,0.0
1,0.47119306415,1.0,0.0
1,0.426904685897,1.0,0.0
1,0.39232065159,1.0,0.0
1,0.47550626671,1.0,1.0
1,0.484297800867,1.0,1.0
1,0.430468998617,1.0,1.0
1,0.464022343556,1.0,0.0
1,0.568632126189,1.0,1.0
1,0.570803407929,1.0,1.0
1,0.490830329392,1.0,1.0
1,0.453665746682,1.0,0.0
1,0.499993426944,1.0,0.0
1,0.472942089167,1.0,1.0
1,0.642174914494,1.0,0.0
1,0.463790280206,1.0,1.0
1,0.465494716933,1.0,0.0
1,0.410667744654,1.0,1.0
1,0.462893882941,1.0,0.0
1,0.443140175194,1.0,1.0
1,0.538373231349,1.0,1.0
1,0.529359194814,1.0,1.0
1,0.491648467025,1.0,1.0
1,0.917298014043,1.0,0.0
1,0.662037388072,1.0,0.0
1,0.451516166504,1.0,0.0
1,0.487132285358,1.0,0.0
1,0.405687442253,1.0,0.0
1,0.488895659262,1.0,1.0
1,0.471741023997,1.0,0.0
1,0.481035954115,1.0,1.0
1,0.528238345229,1.0,1.0
1,0.437808810646,1.0,1.0
1,0.523692826973,1.0,0.0
1,0.442951238976,1.0,1.0
1,0.435461381596,1.0,0.0
1,0.33726537152,1.0,0.0
1,0.416629213403,1.0,1.0
1,0.663172589731,1.0,0.0
1,0.391243670296,1.0,0.0
1,0.38102332472,1.0,1.0
1,0.467494252109,1.0,1.0
1,0.502985309126,1.0,1.0
1,0.50189897402,1.0,1.0
1,0.523794033288,1.0,0.0
1,0.588260523611,1.0,1.0
1,0.422223315531,1.0,0.0
1,0.43825772767,1.0,0.0
1,0.576869100623,1.0,0.0
1,0.40947656447,1.0,1.0
1,0.433926726633,1.0,1.0
1,0.449950650975,1.0,0.0
2,0.433651711749,1.0,1.0
2,0.455295098046,1.0,1.0
2,0.419734011562,1.0,1.0
2,0.40246326411,1.0,1.0
2,0.601179098667,1.0,1.0
2,0.522600676582,1.0,1.0
2,0.431454784426,1.0,0.0
2,0.456562873761,1.0,0.0
2,0.41492010087,1.0,0.0
2,0.448591960781,1.0,1.0
2,0.430801597397,1.0,0.0
2,0.479078601025,1.0,0.0
2,0.455068393003,1.0,1.0
2,0.464850398114,1.0,1.0
2,0.414220837451,1.0,0.0
2,0.462593105006,1.0,0.0
2,0.559162265296,1.0,1.0
2,0.474951986687,1.0,0.0
2,0.501542530424,1.0,0.0
2,0.480055496654,1.0,0.0
2,0.443928330674,1.0,0.0
2,0.514226765396,1.0,0.0
2,0.372492061016,1.0,1.0
2,0.528377176215,1.0,0.0
2,0.451125608112,1.0,0.0
2,0.521399742708,1.0,1.0
2,0.363044261936,1.0,0.0
2,0.552260638253,1.0,1.0
2,0.405621679561,1.0,0.0
2,0.375191567609,1.0,1.0
2,0.634716779019,1.0,0.0
2,0.376010698252,1.0,1.0
2,0.407936694596,1.0,1.0
2,0.395174283889,1.0,0.0
2,0.428064123161,1.0,0.0
2,0.37945382267,1.0,1.0
2,0.552281368058,1.0,0.0
2,0.401952306096,1.0,1.0
2,0.410999728591,1.0,0.0
2,0.367344646638,1.0,1.0
2,0.400423067312,1.0,1.0
2,0.560240641147,1.0,0.0
2,0.634860562019,1.0,1.0
2,0.415108499096,1.0,1.0
2,0.526694048056,1.0,0.0
2,0.352416553138,1.0,1.0
2,0.483890897733,1.0,0.0
2,0.464531146766,1.0,1.0
2,0.527175723523,1.0,1.0
2,0.547734973671,1.0,1.0
2,0.356046410975,1.0,1.0
2,0.399384144267,1.0,0.0
2,0.447541745842,1.0,0.0
2,0.370593144888,1.0,0.0
2,0.638833586625,1.0,0.0
2,0.446509551557,1.0,1.0
2,0.38674898001,1.0,1.0
2,0.406991853489,1.0,1.0
2,0.39282649681,1.0,0.0
2,0.4419600672,1.0,0.0
2,0.735969105232,1.0,0.0
2,0.411131808524,1.0,0.0
2,0.432553926081,1.0,1.0
2,0.383868269122,1.0,1.0
2,0.402952763503,1.0,1.0
2,0.382733250628,1.0,1.0
2,0.401949864118,1.0,1.0
2,0.368664958212,1.0,0.0
2,0.495859747085,1.0,0.0
2,0.410429224314,1.0,1.0
2,0.408566955488,1.0,0.0
2,0.411027889502,1.0,0.0
2,0.390593878999,1.0,1.0
2,0.495045737569,1.0,1.0
2,0.462487122004,1.0,1.0
2,0.590936100249,1.0,0.0
2,0.456169274643,1.0,0.0
2,0.458676035872,1.0,0.0
2,0.424600715758,1.0,0.0
2,0.400139395982,1.0,0.0
2,0.444225895051,1.0,1.0
2,0.419120271338,1.0,0.0
2,0.448808384745,1.0,1.0
2,0.478579195726,1.0,0.0
2,0.411950188822,1.0,1.0
2,0.453862971171,1.0,1.0
2,0.53976001673,1.0,0.0
2,0.437785303668,1.0,0.0
2,0.484614613745,1.0,1.0
2,0.463378878788,1.0,0.0
2,0.43167995313,1.0,1.0
2,0.497052733856,1.0,1.0
2,0.442626520104,1.0,0.0
2,0.401979281843,1.0,0.0
2,0.404295283691,1.0,0.0
2,0.392155943121,1.0,1.0
2,0.363559957435,1.0,1.0
2,0.45160423243,1.0,0.0
2,0.483339565745,1.0,0.0
2,0.411414771861,1.0,0.0
2,0.431768767117,1.0,1.0
2,0.420434735791,1.0,1.0
2,0.374031898523,1.0,0.0
2,0.439680983002,1.0,1.0
2,0.483589121397,1.0,1.0
2,0.414419909577,1.0,1.0
2,0.31276603432,1.0,0.0
2,0.421424237654,1.0,1.0
2,0.421390475972,1.0,0.0
2,0.346253965963,1.0,1.0
2,0.3689980299,1.0,0.0
2,0.394689497275,1.0,1.0
2,0.47383216358,1.0,1.0
2,0.566067408306,1.0,0.0
2,0.427208081218,1.0,1.0
2,0.357342881949,1.0,0.0
2,0.4164018861,1.0,1.0
2,0.57756328811,1.0,0.0
2,0.437082059462,1.0,0.0
2,0.372521485092,1.0,1.0
2,0.382025527641,1.0,0.0
2,0.385984086032,1.0,1.0
2,0.360254492546,1.0,0.0
2,0.441751458339,1.0,1.0
2,0.514359528968,1.0,0.0
2,0.526787721998,1.0,0.0
2,0.408139471864,1.0,1.0
2,0.355951083872,1.0,0.0
2,0.423003863963,1.0,0.0
2,0.354134826142,1.0,1.0
2,0.388169865812,1.0,1.0
2,0.353056510291,1.0,0.0
2,0.418506305941,1.0,1.0
2,0.371698469661,1.0,1.0
2,0.369062118474,1.0,0.0
2,0.411262487294,1.0,1.0
2,0.596355561242,1.0,0.0
2,0.383014411159,1.0,1.0
2,0.362281612291,1.0,1.0
2,0.443746214389,1.0,1.0
2,0.367805001482,1.0,1.0
2,0.379622987901,1.0,1.0
2,0.407791495962,1.0,0.0
2,0.48874363406,1.0,0.0
2,0.370810130022,1.0,0.0
2,0.47044663509,1.0,1.0
2,0.430891647726,1.0,0.0
2,0.438464185278,1.0,0.0
2,0.448213412697,1.0,1.0
2,0.416075111175,1.0,0.0
2,0.434008534037,1.0,1.0
2,0.42669328324,1.0,0.0
2,0.373889640215,1.0,1.0
2,0.449632039345,1.0,0.0
2,0.549168180182,1.0,0.0
2,0.465520768627,1.0,1.0
2,0.453455104188,1.0,1.0
2,0.516400673758,1.0,0.0
2,0.407390627735,1.0,0.0
2,0.42391589138,1.0,1.0
2,0.612067736186,1.0,1.0
2,0.530810732134,1.0,1.0
2,0.336626435751,1.0,0.0
2,0.350516743018,1.0,0.0
2,0.359830896533,1.0,1.0
2,0.416838384815,1.0,1.0
2,0.639828125265,1.0,1.0
2,0.462997936373,1.0,1.0
2,0.377380419008,1.0,0.0
2,0.41017280155,1.0,0.0
2,0.309381700172,1.0,0.0
2,0.409292363836,1.0,1.0
2,0.44333133347,1.0,0.0
2,0.417365695852,1.0,0.0
2,0.383419965341,1.0,1.0
2,0.375079635839,1.0,1.0
2,0.590369732403,1.0,0.0
2,0.407615283621,1.0,1.0
2,0.370739237866,1.0,0.0
2,0.340693632294,1.0,0.0
3,0.531959328147,1.0,0.0
3,0.518277864091,1.0,0.0
3,0.55237321837,1.0,0.0
3,0.500009472852,1.0,1.0
3,0.552188540108,1.0,0.0
3,0.568359980729,1.0,0.0
3,0.547680668535,1.0,0.0
3,0.595979031962,1.0,1.0
3,0.581789894331,1.0,0.0
3,0.538950450349,1.0,0.0
3,0.549609068032,1.0,1.0
3,0.469682728633,1.0,0.0
3,0.581749343889,1.0,1.0
3,0.510180715123,1.0,1.0
3,0.635734516616,1.0,1.0
3,0.624145178516,1.0,1.0
3,0.577633514273,1.0,0.0
3,0.553307919572,1.0,0.0
3,0.792655776534,1.0,0.0
3,0.596660862368,1.0,0.0
3,0.610516939958,1.0,0.0
3,0.656537022828,1.0,1.0
3,0.543551942217,1.0,0.0
3,0.608298980009,1.0,1.0
3,0.632467043369,1.0,1.0
3,0.633085604724,1.0,1.0
3,0.638923360604,1.0,1.0
3,0.437215065858,1.0,1.0
3,0.646197200144,1.0,0.0
3,0.627711974123,1.0,0.0
3,0.570831780289,1.0,0.0
3,0.518946008979,1.0,1.0
3,0.809372564376,1.0,1.0
3,0.522454508781,1.0,0.0
3,0.552177152215,1.0,0.0
3,0.538543441356,1.0,1.0
3,0.497312021416,1.0,0.0
3,0.438324365771,1.0,0.0
3,0.533968034419,1.0,0.0
3,0.560219542169,1.0,1.0
3,0.535665028447,1.0,1.0
3,0.635023391309,1.0,0.0
3,0.504680258068,1.0,1.0
3,0.661099041068,1.0,1.0
3,0.648605508654,1.0,0.0
3,0.540304148785,1.0,1.0
3,0.597855045953,1.0,0.0
3,0.498987439647,1.0,0.0
3,0.602723832481,1.0,0.0
3,0.676853713612,1.0,1.0
3,0.64840660735,1.0,0.0
3,0.553644225231,1.0,0.0
3,0.608845757687,1.0,1.0
3,0.521076837747,1.0,1.0
3,0.60010734993,1.0,1.0
3,0.598850871756,1.0,1.0
3,0.665011571068,1.0,1.0
3,0.598248168252,1.0,1.0
3,0.527626901276,1.0,1.0
3,0.609246029096,1.0,1.0
3,0.478219568286,1.0,0.0
3,0.520518185828,1.0,1.0
3,0.552140234563,1.0,0.0
3,0.66859154855,1.0,1.0
3,0.666285077081,1.0,1.0
3,0.586802297978,1.0,1.0
3,0.810137461177,1.0,0.0
3,0.514034872024,1.0,1.0
3,0.691629309371,1.0,0.0
3,0.644327428919,1.0,0.0
3,0.632367789127,1.0,1.0
3,0.644643964763,1.0,0.0
3,0.548691271847,1.0,1.0
3,0.547146133566,1.0,1.0
3,0.547592190191,1.0,0.0
3,0.471098709307,1.0,1.0
3,0.519067405484,1.0,0.0
3,0.537783743683,1.0,1.0
3,0.58607440283,1.0,1.0
3,0.569842710775,1.0,1.0
3,0.591025958579,1.0,0.0
3,0.554667782773,1.0,1.0
3,0.489012938701,1.0,0.0
3,0.455580029364,1.0,0.0
3,0.531065177739,1.0,0.0
3,0.598287180239,1.0,0.0
3,0.466710245433,1.0,0.0
3,0.721494475463,1.0,0.0
3,0.663190525383,1.0,1.0
3,0.56919647768,1.0,1.0
3,0.678543906881,1.0,0.0
3,0.557947864726,1.0,1.0
3,0.523501822924,1.0,0.0
3,0.475188657637,1.0,1.0
3,0.405147758845,1.0,1.0
3,0.391714896448,1.0,1.0
3,0.531733715447,1.0,1.0
3,0.568747219909,1.0,1.0
3,0.59198071724,1.0,0.0
3,0.535237928466,1.0,1.0
3,0.632582953454,1.0,0.0
3,0.544598770365,1.0,1.0
3,0.583548234958,1.0,1.0
3,0.456284404382,1.0,0.0
3,0.489330764534,1.0,0.0
3,0.52118065477,1.0,0.0
3,0.484358707329,1.0,0.0
3,0.54869485099,1.0,1.0
3,0.527557913572,1.0,0.0
3,0.677615184445,1.0,1.0
3,0.529717605598,1.0,0.0
3,0.54473276428,1.0,0.0
3,0.531872944137,1.0,1.0
3,0.577070935567,1.0,1.0
3,0.581895553336,1.0,1.0
3,0.591235668606,1.0,0.0
3,0.511518345709,1.0,0.0
3,0.499132449106,1.0,0.0
3,0.506386621185,1.0,0.0
3,0.625714800096,1.0,1.0
3,0.528333727448,1.0,0.0
3,0.592560053788,1.0,1.0
3,0.559107260638,1.0,1.0
3,0.527542008075,1.0,1.0
3,0.536406531468,1.0,0.0
3,0.533524497417,1.0,1.0
3,0.490029653132,1.0,0.0
3,0.530416127848,1.0,0.0
3,0.69152132874,1.0,1.0
3,0.546547992843,1.0,1.0
3,0.533859195443,1.0,1.0
3,0.479798429427,1.0,1.0
3,0.471199256007,1.0,0.0
3,0.407091461374,1.0,0.0
3,0.436228162323,1.0,0.0
3,0.497214177161,1.0,0.0
3,0.534390781617,1.0,1.0
3,0.482092900656,1.0,1.0
3,0.552790535266,1.0,0.0
3,0.523489817037,1.0,0.0
3,0.457576906218,1.0,1.0
3,0.698500847051,1.0,0.0
3,1.10314186549,1.0,1.0
3,0.562770730158,1.0,1.0
3,0.587552141274,1.0,1.0
3,0.647032791456,1.0,1.0
3,0.821987985642,1.0,1.0
3,0.512202126098,1.0,0.0
3,0.569277854915,1.0,0.0
3,0.565673596013,1.0,0.0
3,0.571170105458,1.0,1.0
3,0.610323057783,1.0,0.0
3,0.513399052009,1.0,0.0
3,0.575899167773,1.0,0.0
3,0.573742686069,1.0,1.0
3,0.539815474208,1.0,1.0
3,0.507421104272,1.0,0.0
3,0.547971809794,1.0,0.0
3,0.515023650719,1.0,0.0
3,0.482953490556,1.0,0.0
3,0.617668602648,1.0,1.0
3,0.458755619124,1.0,1.0
3,0.521744466287,1.0,1.0
3,0.497792946891,1.0,1.0
3,0.632169566169,1.0,1.0
3,0.536771520033,1.0,0.0
3,0.614768256769,1.0,0.0
3,0.565744680521,1.0,1.0
3,0.512996359798,1.0,1.0
3,0.499420956744,1.0,1.0
3,0.579532436401,1.0,0.0
3,0.546297237555,1.0,0.0
3,0.574034598145,1.0,1.0
3,0.528403983963,1.0,0.0
3,0.601861178247,1.0,0.0
3,0.626672511083,1.0,0.0
3,0.565965961262,1.0,1.0
3,0.523784966259,1.0,0.0
3,0.467155375244,1.0,1.0
3,0.596255113363,1.0,0.0
4,0.451690211974,1.0,1.0
4,0.418023013665,1.0,1.0
4,0.380734936612,1.0,0.0
4,0.468804879719,1.0,1.0
4,0.511954130785,1.0,0.0
4,0.394621857088,1.0,0.0
4,0.390820013694,1.0,1.0
4,0.388802307861,1.0,1.0
4,0.43844425629,1.0,0.0
4,0.384385797075,1.0,0.0
4,0.386736044132,1.0,1.0
4,0.422010438137,1.0,1.0
4,0.402503127735,1.0,0.0
4,0.383206334176,0.0,0.0
4,0.415327113039,1.0,0.0
4,0.619414928213,1.0,0.0
4,0.608569244289,1.0,0.0
4,0.400036400952,1.0,0.0
4,0.567392411836,1.0,1.0
4,1.32082687586,1.0,0.0
4,0.567264763037,1.0,1.0
4,0.447426124107,1.0,0.0
4,0.379146823559,1.0,1.0
4,0.534325112234,1.0,0.0
4,0.426399228831,1.0,0.0
4,0.540314696686,1.0,0.0
4,0.435789461275,1.0,1.0
4,0.492057279696,1.0,1.0
4,0.453367976184,1.0,1.0
4,0.563532840161,1.0,1.0
4,0.440353372674,1.0,0.0
4,0.418019890872,1.0,1.0
4,0.439473771776,1.0,1.0
4,0.424173243781,1.0,0.0
4,0.312769199467,1.0,0.0
4,0.401525358938,1.0,0.0
4,0.375209141796,1.0,1.0
4,0.455845295691,1.0,1.0
4,0.449084136149,1.0,0.0
4,0.453052903973,1.0,1.0
4,0.536760183316,1.0,0.0
4,0.453726040813,1.0,1.0
4,0.55029216478,1.0,0.0
4,0.4255631907,1.0,1.0
4,0.521964022221,1.0,1.0
4,0.588403692082,1.0,0.0
4,0.441891431022,1.0,0.0
4,0.382326193635,1.0,1.0
4,0.355419902871,1.0,1.0
4,0.438076024931,1.0,0.0
4,0.326288650224,1.0,1.0
4,0.439692364896,1.0,1.0
4,0.392068124771,1.0,0.0
4,0.51173548049,1.0,1.0
4,0.426966634314,1.0,1.0
4,0.487883242158,1.0,1.0
4,0.483011666009,1.0,0.0
4,0.425915792557,1.0,0.0
4,0.544605316303,1.0,1.0
4,0.454724764238,1.0,0.0
4,0.396083560155,1.0,1.0
4,0.312798755188,1.0,1.0
4,0.377907436401,1.0,1.0
4,0.38462176003,1.0,0.0
4,0.663489028221,1.0,1.0
4,0.45423359686,1.0,1.0
4,0.486028494791,1.0,0.0
4,0.387675851286,1.0,0.0
4,0.391081359235,1.0,1.0
4,0.561037394472,1.0,1.0
4,0.388742782068,1.0,1.0
4,0.372035525666,1.0,0.0
4,0.470993583943,1.0,1.0
4,0.432876213047,1.0,1.0
4,0.594752553506,1.0,0.0
4,0.53924850672,1.0,0.0
4,0.432490329503,1.0,1.0
4,0.473441348081,1.0,0.0
4,0.451200901403,1.0,1.0
4,0.497634290383,1.0,0.0
4,0.394862865644,1.0,0.0
4,0.399595773922,1.0,1.0
4,0.379795147457,1.0,1.0
4,0.485011849182,1.0,1.0
4,0.367667266779,1.0,1.0
4,0.338717010899,1.0,1.0
4,0.348547588376,1.0,0.0
4,0.29765080258,1.0,1.0
4,0.401804632309,1.0,0.0
4,0.470743938645,1.0,1.0
4,0.352195653218,1.0,1.0
4,0.30988300463,1.0,0.0
4,0.356733158512,1.0,1.0
4,0.329131972288,1.0,0.0
4,0.331544378406,1.0,0.0
4,0.518630090775,1.0,0.0
4,0.390691284906,1.0,0.0
4,0.424650281291,1.0,1.0
4,0.323124322007,1.0,0.0
4,0.418665499619,1.0,0.0
4,0.389610902251,1.0,0.0
4,0.602161322599,1.0,0.0
4,0.346056978993,1.0,1.0
4,0.480733964621,1.0,0.0
4,0.371365484796,1.0,1.0
4,0.49132765974,1.0,0.0
4,0.426061498009,1.0,0.0
4,0.595748141782,1.0,1.0
4,0.328945128045,1.0,0.0
4,0.308053573849,1.0,0.0
4,0.481442680775,1.0,1.0
4,0.29842394048,1.0,0.0
4,0.358843260651,1.0,1.0
4,0.456145698041,1.0,0.0
4,0.380425924697,1.0,0.0
4,0.328673411779,1.0,1.0
4,0.404053369144,1.0,1.0
4,0.419003548437,1.0,0.0
4,0.396338908928,1.0,1.0
4,0.371312307296,1.0,0.0
4,0.372500022941,1.0,1.0
4,0.400734530381,1.0,1.0
4,0.448555703476,1.0,1.0
4,0.383242958184,1.0,0.0
4,0.58472208191,1.0,1.0
4,0.359534202149,1.0,1.0
4,0.407301033402,1.0,0.0
4,0.374623109312,1.0,1.0
4,0.753097405202,0.0,1.0
4,0.37061668302,1.0,0.0
4,0.401919912048,1.0,1.0
4,0.436190878674,1.0,1.0
4,0.426654478429,1.0,0.0
4,0.346762155533,1.0,1.0
4,0.40558666389,1.0,1.0
4,0.321688712342,1.0,1.0
4,0.372230871827,1.0,1.0
4,0.406223290722,1.0,0.0
4,0.419133780388,1.0,0.0
4,0.467689226219,1.0,0.0
4,0.39082894161,1.0,0.0
4,0.359552007158,1.0,1.0
4,0.270710720134,1.0,0.0
4,0.423383126042,1.0,1.0
4,0.634912347178,1.0,1.0
4,0.526892013016,1.0,1.0
4,0.52019076891,1.0,0.0
4,0.458579215137,1.0,0.0
4,0.555174436005,1.0,0.0
4,0.330560396844,1.0,1.0
4,0.408632448048,1.0,1.0
4,0.412018570179,1.0,1.0
4,0.376697256614,1.0,0.0
4,0.379133794859,1.0,0.0
4,0.407614461629,1.0,0.0
4,0.3766243573,1.0,0.0
4,0.392983806153,1.0,0.0
4,0.37533697624,1.0,1.0
4,0.327682349931,1.0,0.0
4,0.326080677005,1.0,1.0
4,0.406158230157,1.0,1.0
4,0.39186690184,1.0,0.0
4,0.385790444207,1.0,0.0
4,0.368712273767,1.0,0.0
4,0.354576511986,1.0,0.0
4,0.518706428057,1.0,1.0
4,0.302797664963,1.0,0.0
4,0.45484413029,1.0,1.0
4,0.370124045656,1.0,0.0
4,0.355732853925,1.0,0.0
4,0.470079411723,1.0,1.0
4,0.371113873987,1.0,1.0
4,0.320269302524,1.0,0.0
4,0.319341000438,1.0,0.0
4,0.591204072904,1.0,0.0
4,0.373273580837,1.0,1.0
4,0.325859804261,1.0,1.0
4,0.425815041152,1.0,0.0
4,0.4352956691,1.0,1.0
4,0.336469423229,1.0,0.0
5,0.540663791174,1.0,1.0
5,0.506441160879,1.0,0.0
5,0.576344696598,1.0,1.0
5,0.486995787702,1.0,1.0
5,0.554648632194,1.0,1.0
5,0.675456177979,1.0,0.0
5,0.576318677758,1.0,1.0
5,0.470491936104,1.0,1.0
5,0.47181647614,1.0,1.0
5,0.543974395155,1.0,1.0
5,0.446812339723,1.0,1.0
5,0.44637825134,1.0,0.0
5,0.495099984824,1.0,1.0
5,0.464160551216,1.0,1.0
5,0.421213994995,1.0,0.0
5,0.445896823571,1.0,0.0
5,0.437851500863,1.0,0.0
5,0.506890816237,1.0,0.0
5,0.79210417524,1.0,0.0
5,0.505734877196,0.0,1.0
5,0.592575557375,1.0,0.0
5,0.389400534699,1.0,1.0
5,0.3889581936,1.0,1.0
5,0.473318472702,1.0,0.0
5,0.564615646033,1.0,0.0
5,0.578989510018,1.0,0.0
5,0.516878788157,1.0,0.0
5,0.551536235649,1.0,1.0
5,0.495320457971,1.0,0.0
5,0.459924018042,1.0,1.0
5,0.52119525512,1.0,1.0
5,0.443499095424,1.0,0.0
5,0.453622944409,1.0,0.0
5,0.491657745371,1.0,1.0
5,0.484196773101,1.0,1.0
5,0.464923948514,1.0,0.0
5,0.451441984633,1.0,0.0
5,0.426260274514,1.0,1.0
5,0.432498282963,1.0,1.0
5,0.4858118562,1.0,0.0
5,0.482617995532,1.0,0.0
5,0.570090854354,1.0,0.0
5,0.52813712646,1.0,1.0
5,0.471654373414,1.0,0.0
5,0.48057991473,1.0,0.0
5,0.625590208127,1.0,0.0
5,0.434766871605,1.0,1.0
5,0.497407294141,1.0,1.0
5,0.474912922068,1.0,1.0
5,0.410021808659,1.0,0.0
5,0.475179723439,1.0,0.0
5,0.51775126369,1.0,0.0
5,0.471844051783,1.0,1.0
5,0.531665773619,1.0,0.0
5,0.563253744834,1.0,0.0
5,0.46571424911,1.0,1.0
5,0.467012611131,1.0,1.0
5,0.482935724243,1.0,0.0
5,0.546599982353,1.0,1.0
5,0.532840051246,1.0,1.0
5,0.45518630853,1.0,0.0
5,0.469663967996,1.0,0.0
5,0.40217052944,1.0,0.0
5,0.4725595397,1.0,0.0
5,0.394638925731,1.0,0.0
5,0.419475976311,1.0,1.0
5,0.61687791605,1.0,1.0
5,0.504342508038,1.0,1.0
5,0.50711236937,1.0,0.0
5,0.498215690503,1.0,1.0
5,0.464280882482,1.0,0.0
5,0.449631478063,1.0,1.0
5,0.487465119628,1.0,1.0
5,0.514168266058,1.0,0.0
5,0.367806391329,1.0,0.0
5,0.491302846787,1.0,0.0
5,0.581676044428,1.0,1.0
5,0.403492675153,1.0,0.0
5,0.458852035915,1.0,1.0
5,0.487621126786,1.0,1.0
5,0.468866218319,1.0,0.0
5,0.647062595425,1.0,0.0
5,0.518806968028,1.0,1.0
5,0.486354213181,1.0,0.0
5,0.481729523854,1.0,1.0
5,0.622499351303,1.0,1.0
5,0.453426465304,1.0,0.0
5,0.485442374981,1.0,0.0
5,0.471332195583,1.0,1.0
5,0.481783127159,1.0,1.0
5,0.446698827192,1.0,1.0
5,0.451177937227,1.0,1.0
5,0.479126532716,1.0,1.0
5,0.473141450993,1.0,0.0
5,0.523109281527,1.0,0.0
5,0.463757440433,1.0,0.0
5,0.49861053657,1.0,0.0
5,0.442827029297,1.0,0.0
5,0.479771899187,1.0,1.0
5,0.551922372652,1.0,0.0
5,0.456490601651,1.0,0.0
5,0.423027933521,1.0,1.0
5,0.467892572096,1.0,1.0
5,0.517201544804,1.0,1.0
5,0.558974264215,1.0,1.0
5,0.431120169621,1.0,1.0
5,0.443160294984,1.0,1.0
5,0.469386945581,1.0,1.0
5,0.394665193392,1.0,1.0
5,0.466818846815,1.0,0.0
5,0.538567631125,1.0,0.0
5,0.436068836756,1.0,0.0
5,0.475134178028,1.0,0.0
5,0.591028174224,1.0,0.0
5,0.440281928234,1.0,0.0
5,0.425133792268,1.0,1.0
5,0.584617074367,1.0,0.0
5,0.505908970943,1.0,1.0
5,0.55052799952,1.0,1.0
5,0.456004124771,1.0,1.0
5,0.471312740659,1.0,1.0
5,0.463507723665,1.0,0.0
5,0.471217953885,1.0,1.0
5,0.437941061351,1.0,1.0
5,0.462622768294,1.0,0.0
5,0.513643308851,1.0,0.0
5,0.58204366567,1.0,1.0
5,0.466267240777,1.0,1.0
5,0.470009968695,1.0,0.0
5,0.540758763945,1.0,0.0
5,0.47163072772,1.0,0.0
5,0.487866376435,1.0,1.0
5,0.443757164084,1.0,1.0
5,0.434026046369,1.0,0.0
5,0.452893861021,1.0,0.0
5,0.552371601661,1.0,0.0
5,0.47316482669,1.0,0.0
5,0.503701656685,1.0,0.0
5,0.44825104028,1.0,1.0
5,0.447313276416,1.0,0.0
5,0.483978027579,1.0,0.0
5,0.518783688329,1.0,1.0
5,0.543217559302,1.0,0.0
5,0.465533783446,1.0,1.0
5,0.454881944469,1.0,0.0
5,0.505240999587,1.0,1.0
5,0.54465193674,1.0,1.0
5,0.424033898502,1.0,1.0
5,0.457878089695,1.0,1.0
5,0.492259177587,1.0,1.0
5,0.447870399206,1.0,0.0
5,0.561583090454,1.0,1.0
5,0.465718539054,1.0,0.0
5,0.514098858956,1.0,1.0
5,0.441409343643,1.0,1.0
5,0.446110267631,1.0,0.0
5,0.504583840092,1.0,0.0
5,0.530975908547,1.0,0.0
5,0.425237671748,1.0,1.0
5,0.46288917967,1.0,0.0
5,0.566201956681,1.0,1.0
5,0.463081798001,1.0,1.0
5,0.435526575773,1.0,1.0
5,0.578412788657,1.0,0.0
5,0.563309006942,1.0,1.0
5,0.631391707048,1.0,1.0
5,0.483264189992,1.0,0.0
5,0.4541145484,1.0,1.0
5,0.536518198824,1.0,1.0
5,0.503618953401,1.0,1.0
5,0.450007007556,1.0,0.0
5,0.538992587625,1.0,1.0
5,0.503203129136,1.0,0.0
5,0.382726227072,1.0,0.0
5,0.450242828151,1.0,0.0
5,0.487178620158,1.0,0.0
5,0.439368473231,1.0,1.0
5,0.359011617967,1.0,0.0
5,0.482343153913,1.0,0.0
5,0.57283204488,1.0,1.0
6,0.691498809191,1.0,0.0
6,0.657810907152,1.0,1.0
6,0.550475248203,1.0,1.0
6,0.664251364982,1.0,1.0
6,0.6509376901,1.0,0.0
6,0.772236359529,0.0,0.0
6,0.549823422638,1.0,1.0
6,0.583521692542,1.0,0.0
6,0.635646609162,1.0,1.0
6,0.66649883072,1.0,1.0
6,0.655599101777,1.0,0.0
6,0.686656751854,1.0,0.0
6,0.627621070668,1.0,0.0
6,0.592844873066,1.0,0.0
6,0.582996909334,1.0,1.0
6,0.566556681267,1.0,1.0
6,0.629977600525,1.0,1.0
6,0.519138733735,1.0,0.0
6,0.622756021981,1.0,0.0
6,0.642265543152,1.0,1.0
6,1.34815843642,1.0,0.0
6,0.613770871083,1.0,1.0
6,0.640745115181,1.0,0.0
6,0.657561166386,1.0,0.0
6,0.770871335194,1.0,1.0
6,0.587124087923,1.0,1.0
6,0.551298368375,1.0,1.0
6,0.645005740867,1.0,1.0
6,0.518086566174,1.0,0.0
6,0.553547598443,1.0,1.0
6,0.552408891179,1.0,1.0
6,0.631707806958,1.0,1.0
6,0.575971444251,1.0,1.0
6,0.680867711594,1.0,0.0
6,0.544808600359,1.0,0.0
6,0.600947827851,1.0,1.0
6,0.708115798148,1.0,1.0
6,0.515758785475,1.0,0.0
6,0.624836995874,1.0,0.0
6,0.725748891955,1.0,0.0
6,0.623850815813,1.0,1.0
6,0.633097982967,1.0,0.0
6,0.694541531816,1.0,0.0
6,0.607217491892,1.0,0.0
6,0.559633457684,1.0,1.0
6,0.542642523567,1.0,0.0
6,0.543353325193,1.0,1.0
6,0.626626973533,1.0,1.0
6,0.558556477622,1.0,0.0
6,0.55114879031,1.0,0.0
6,0.532540271126,1.0,1.0
6,0.591034171322,1.0,1.0
6,0.545657916545,1.0,1.0
6,0.550467364304,1.0,1.0
6,0.579254592587,1.0,0.0
6,0.510624343096,1.0,0.0
6,0.516810922682,1.0,0.0
6,0.537665698797,1.0,0.0
6,0.563716114027,1.0,0.0
6,0.59957223483,1.0,1.0
6,0.554438430914,1.0,0.0
6,0.636026752242,1.0,1.0
6,0.633053901538,1.0,0.0
6,0.562269433572,1.0,0.0
6,0.612025883665,1.0,1.0
6,0.595304006889,1.0,1.0
6,0.535685481599,1.0,1.0
6,0.577328557865,1.0,1.0
6,0.536246339518,1.0,0.0
6,0.591192653272,1.0,1.0
6,0.546755773513,1.0,1.0
6,0.562841558992,1.0,0.0
6,0.591255529635,1.0,1.0
6,0.591078945919,1.0,1.0
6,0.570735776831,1.0,1.0
6,0.7076867857,1.0,0.0
6,0.577219656099,1.0,1.0
6,0.581828523278,1.0,1.0
6,0.538575320202,1.0,0.0
6,0.530882150936,1.0,0.0
6,0.578909726227,1.0,0.0
6,0.499060887565,1.0,0.0
6,0.553592297865,1.0,0.0
6,0.517280506958,1.0,0.0
6,0.543328122695,1.0,0.0
6,0.54808490596,1.0,1.0
6,0.533487368046,1.0,0.0
6,0.618853414486,1.0,0.0
6,0.528126860241,1.0,0.0
6,0.910061853905,1.0,0.0
6,0.571038298916,1.0,0.0
6,0.563139929131,1.0,0.0
6,0.571741192996,1.0,0.0
6,0.646493727611,1.0,0.0
6,0.601761744495,1.0,1.0
6,0.578471242725,1.0,1.0
6,0.526860273808,1.0,1.0
6,0.598661731789,1.0,1.0
6,0.568638117154,1.0,0.0
6,0.599720813731,1.0,0.0
6,0.579077226059,1.0,1.0
6,0.434508554124,1.0,1.0
6,0.457960342278,1.0,1.0
6,0.515886541821,1.0,0.0
6,0.567818176588,1.0,1.0
6,0.542780095787,1.0,1.0
6,0.554089082259,1.0,1.0
6,0.546897050509,1.0,1.0
6,0.606844098724,1.0,0.0
6,0.796127768347,1.0,1.0
6,0.440438424208,1.0,0.0
6,0.629326224955,1.0,1.0
6,0.780245046711,1.0,0.0
6,0.552427248118,1.0,1.0
6,0.602778443338,1.0,1.0
6,0.601765389624,1.0,0.0
6,0.666361279677,1.0,1.0
6,0.516152857199,1.0,0.0
6,0.722452999432,1.0,0.0
6,0.691279668028,1.0,1.0
6,0.552536689525,1.0,1.0
6,0.569289465901,1.0,0.0
6,0.697236472116,1.0,1.0
6,0.617236096239,1.0,1.0
6,0.55628250705,1.0,0.0
6,0.615929187152,1.0,1.0
6,0.598378397455,1.0,1.0
6,0.859652732259,1.0,0.0
6,0.693758301952,1.0,0.0
6,0.54676201908,1.0,1.0
6,0.53058464161,1.0,0.0
6,0.609213642058,1.0,1.0
6,0.703679584734,1.0,0.0
6,0.570193881844,1.0,1.0
6,0.572054316944,1.0,0.0
6,0.514122435475,1.0,0.0
6,0.540309819756,1.0,1.0
6,0.517058734652,1.0,0.0
6,0.468277031944,1.0,1.0
6,0.577520336207,1.0,1.0
6,0.555339892425,1.0,1.0
6,0.565062625426,1.0,1.0
6,0.536899763885,1.0,0.0
6,0.979460816625,1.0,1.0
6,0.726473658576,1.0,1.0
6,0.561399846826,1.0,1.0
6,0.537949417125,1.0,1.0
6,0.553906441799,1.0,1.0
6,0.750804621705,1.0,0.0
6,1.03001963951,1.0,0.0
6,0.642871814482,1.0,0.0
6,0.562573659635,1.0,0.0
6,0.578388944966,1.0,1.0
6,0.638877126178,1.0,0.0
6,0.584369562746,1.0,1.0
6,0.563208292599,1.0,1.0
6,0.588624020513,1.0,0.0
6,0.601418728934,1.0,1.0
6,0.666116323671,1.0,1.0
6,0.877911086798,1.0,0.0
6,0.608161789672,1.0,0.0
6,0.586539017496,1.0,0.0
6,0.515954122123,1.0,0.0
6,0.695752210971,1.0,1.0
6,0.568302667495,1.0,1.0
6,0.741610592686,1.0,0.0
6,0.564471258254,1.0,1.0
6,0.615645216826,1.0,0.0
6,0.503501826094,1.0,0.0
6,0.569119106929,1.0,0.0
6,0.5274249985,1.0,0.0
6,0.508614593929,1.0,1.0
6,0.505053214018,1.0,1.0
6,0.451920799613,1.0,0.0
6,0.51510416077,1.0,0.0
6,0.556236214472,1.0,0.0
6,0.511444469307,1.0,1.0
6,0.547204681351,1.0,0.0
6,0.495176523009,1.0,1.0
6,0.513572227772,1.0,0.0
8,0.482443906174,1.0,1.0
8,0.553186288718,1.0,0.0
8,0.548643938291,1.0,1.0
8,0.673522766963,1.0,0.0
8,0.447393853236,1.0,0.0
8,0.466140037621,1.0,0.0
8,0.404423796481,1.0,0.0
8,0.643403374437,1.0,1.0
8,0.486133850623,1.0,1.0
8,0.40674125385,1.0,1.0
8,0.614411860122,1.0,1.0
8,0.731356744644,1.0,1.0
8,0.599582202049,1.0,1.0
8,0.450447575669,1.0,1.0
8,0.407244739108,1.0,1.0
8,0.535658698507,1.0,0.0
8,0.676210747664,1.0,1.0
8,0.693278837844,1.0,1.0
8,0.537775235411,1.0,0.0
8,0.72968780635,1.0,1.0
8,0.829769060409,1.0,0.0
8,0.569184094147,1.0,1.0
8,0.534088513286,1.0,0.0
8,0.464635602959,1.0,1.0
8,0.57146004073,1.0,1.0
8,0.750723611545,1.0,1.0
8,0.495471409562,1.0,0.0
8,0.511439074457,1.0,0.0
8,0.633615999734,1.0,0.0
8,0.474211014836,1.0,0.0
8,0.432994756753,1.0,0.0
8,0.899555834771,1.0,1.0
8,0.430821715207,1.0,0.0
8,0.406852414802,1.0,1.0
8,0.408001880805,1.0,0.0
8,0.354167849833,1.0,0.0
8,0.482123209196,1.0,1.0
8,0.51540410714,1.0,0.0
8,0.416152261274,1.0,1.0
8,0.511071509092,1.0,1.0
8,0.487418480534,1.0,1.0
8,0.586041085495,1.0,0.0
8,0.51793791329,1.0,0.0
8,0.550560821073,1.0,0.0
8,0.38958048536,1.0,0.0
8,0.4710909362,1.0,1.0
8,0.402895482042,1.0,1.0
8,0.425436315894,1.0,0.0
8,0.463468077127,1.0,0.0
8,0.689261768006,1.0,0.0
8,0.470231012299,1.0,0.0
8,0.648149602592,1.0,1.0
8,0.527801613633,1.0,0.0
8,0.754636405538,1.0,1.0
8,0.424311386483,1.0,0.0
8,0.453715747732,1.0,1.0
8,0.540945644745,1.0,1.0
8,0.433807251109,1.0,0.0
8,0.419552309271,1.0,1.0
8,0.415191391141,1.0,0.0
8,0.483024412712,1.0,0.0
8,0.443139041279,1.0,1.0
8,0.447342697713,1.0,1.0
8,0.439649012129,1.0,1.0
8,0.425400271408,1.0,1.0
8,0.480929697605,1.0,1.0
8,0.50381674902,1.0,0.0
8,0.498215384916,1.0,1.0
8,0.42769324865,1.0,0.0
8,0.555546756146,1.0,0.0
8,0.418677604684,1.0,1.0
8,0.447399130364,1.0,0.0
8,0.495160072845,1.0,1.0
8,0.546599328358,1.0,1.0
8,0.646482938278,1.0,1.0
8,0.62923564178,1.0,1.0
8,0.451572795901,1.0,0.0
8,0.374739769039,1.0,0.0
8,0.331620574863,1.0,1.0
8,0.661553920789,1.0,1.0
8,0.516778094203,1.0,1.0
8,0.447675976578,1.0,0.0
8,0.478855645946,1.0,1.0
8,0.516225238232,1.0,0.0
8,0.392124773414,1.0,1.0
8,0.342763963989,1.0,0.0
8,0.385174924824,1.0,0.0
8,0.514406871698,1.0,0.0
8,0.65230377785,1.0,0.0
8,0.422851462219,1.0,0.0
8,0.540214311633,1.0,1.0
8,0.374525982224,1.0,0.0
8,0.562725319764,1.0,1.0
8,0.418855487831,1.0,1.0
8,0.368747115441,1.0,0.0
8,0.512868537,1.0,0.0
8,0.476084344031,1.0,1.0
8,0.626154964779,1.0,0.0
8,0.479312532825,1.0,1.0
8,0.711361908827,1.0,1.0
8,0.550254368314,1.0,1.0
8,0.43692589258,1.0,0.0
8,0.343271670034,1.0,0.0
8,0.802662095535,1.0,0.0
8,0.583280634302,1.0,0.0
8,0.536598268485,1.0,1.0
8,0.393905184657,1.0,1.0
8,0.39081311976,1.0,1.0
8,0.393237508117,1.0,0.0
8,0.489398056725,1.0,0.0
8,0.527383372391,1.0,1.0
8,0.359242872066,1.0,0.0
8,0.74660173116,1.0,1.0
8,0.458238765987,1.0,0.0
8,0.482930759947,1.0,0.0
8,0.561851877981,1.0,0.0
8,0.499816439842,1.0,0.0
8,0.324707397929,1.0,0.0
8,0.482227011395,1.0,1.0
8,0.463303423498,1.0,1.0
8,0.435089160219,1.0,1.0
8,0.438613523871,1.0,1.0
8,0.470687961995,1.0,0.0
8,0.610407720163,1.0,0.0
8,0.434693796764,1.0,0.0
8,0.376692276663,1.0,0.0
8,0.404757522516,1.0,1.0
8,0.375786426364,1.0,0.0
8,0.451023999067,1.0,1.0
8,0.686795640864,1.0,0.0
8,0.391556113587,1.0,0.0
8,0.543370278749,1.0,0.0
8,0.525761869652,1.0,0.0
8,0.453385990837,1.0,0.0
8,0.412384677555,1.0,1.0
8,0.358250172234,1.0,0.0
8,0.45035494219,1.0,1.0
8,0.405610474489,1.0,0.0
8,0.544908532273,1.0,1.0
8,0.560576217991,1.0,1.0
8,0.355546585681,1.0,0.0
8,0.507216026203,1.0,0.0
8,0.438467329248,1.0,1.0
8,0.396460698605,1.0,1.0
8,0.488823859305,1.0,0.0
8,0.319044399228,1.0,1.0
8,0.661284916139,1.0,1.0
8,0.405699678475,1.0,1.0
8,0.455540405739,1.0,1.0
8,0.588589798332,1.0,1.0
8,0.473280303599,1.0,0.0
8,0.450759518735,1.0,1.0
8,0.711867818067,1.0,0.0
8,0.481691372435,1.0,1.0
8,0.374318833823,1.0,0.0
8,0.38809603051,1.0,1.0
8,0.378073277665,1.0,1.0
8,0.61185865333,1.0,1.0
8,0.483687805645,1.0,1.0
8,0.315171279683,1.0,1.0
8,0.479208946625,1.0,0.0
8,0.530483159218,1.0,1.0
8,0.591907301929,1.0,1.0
8,0.698157998278,1.0,0.0
8,0.419324881412,1.0,0.0
8,0.629552684797,1.0,1.0
8,0.485495324632,1.0,1.0
8,0.481858761683,1.0,0.0
8,0.608243471353,1.0,0.0
8,0.564991051611,1.0,1.0
8,0.390371100744,1.0,0.0
8,0.379239024689,1.0,1.0
8,0.376028130911,1.0,0.0
8,0.383094777579,1.0,0.0
8,0.53498798564,1.0,1.0
8,0.368377359744,1.0,0.0
8,0.886251658809,1.0,0.0
8,0.458897170145,1.0,1.0
8,0.371727794562,1.0,0.0
8,0.361513910339,1.0,0.0
9,0.480293313262,1.0,0.0
9,0.529306079334,1.0,1.0
9,0.528234067206,1.0,0.0
9,0.57724237498,1.0,0.0
9,0.463122018656,1.0,1.0
9,0.62729535606,1.0,1.0
9,0.469792540332,1.0,1.0
9,0.388289733074,1.0,0.0
9,0.505687480632,1.0,1.0
9,0.502650995105,1.0,0.0
9,0.571264388343,1.0,0.0
9,0.522768713934,1.0,0.0
9,0.523596046051,1.0,0.0
9,0.458248197729,1.0,1.0
9,0.379477761112,1.0,0.0
9,0.473698813779,1.0,1.0
9,0.451540053364,1.0,1.0
9,0.449995928523,1.0,1.0
9,0.552850218643,1.0,0.0
9,0.383781049421,1.0,0.0
9,0.473716993545,1.0,0.0
9,0.505944307309,1.0,0.0
9,0.475756769149,1.0,1.0
9,0.439381891882,1.0,0.0
9,0.366538424561,1.0,1.0
9,0.409869707803,1.0,0.0
9,0.305751414041,1.0,0.0
9,0.663330772543,1.0,1.0
9,0.407864728573,1.0,0.0
9,0.398624245333,1.0,0.0
9,0.423062009903,1.0,1.0
9,0.47368876991,1.0,1.0
9,0.468545255297,1.0,0.0
9,0.479001283983,1.0,0.0
9,0.458966400435,1.0,1.0
9,0.357399969647,1.0,0.0
9,0.449792455979,1.0,1.0
9,0.330964173758,1.0,1.0
9,0.423415093687,1.0,0.0
9,0.498235898241,1.0,1.0
9,0.425740939589,1.0,1.0
9,0.630419839626,1.0,0.0
9,0.536803987125,1.0,0.0
9,0.532272131773,1.0,1.0
9,0.466119585864,1.0,1.0
9,0.475435038135,1.0,0.0
9,0.443344189428,1.0,1.0
9,0.415945910347,1.0,1.0
9,0.377586117591,1.0,1.0
9,0.407755287167,1.0,0.0
9,0.447786585938,1.0,0.0
9,0.438702010681,1.0,1.0
9,0.415507933662,1.0,0.0
9,0.433791572227,1.0,1.0
9,0.615354805762,1.0,1.0
9,0.389288423326,1.0,0.0
9,0.54467146931,1.0,0.0
9,0.374547586091,1.0,1.0
9,0.424193187265,1.0,1.0
9,0.351778504395,1.0,1.0
9,0.399250490405,1.0,1.0
9,0.489939643604,1.0,1.0
9,0.539357824076,1.0,1.0
9,0.567976907711,1.0,0.0
9,0.506705178639,1.0,0.0
9,0.476276737242,1.0,0.0
9,0.447459506524,1.0,1.0
9,0.408716024734,1.0,0.0
9,0.360312815129,1.0,0.0
9,0.420060362749,1.0,1.0
9,0.385216971663,1.0,0.0
9,0.432029517854,1.0,1.0
9,0.439700124586,1.0,0.0
9,0.455613430649,1.0,1.0
9,0.351994948771,1.0,1.0
9,0.433470729556,1.0,1.0
9,0.43867115908,1.0,1.0
9,0.418057690665,1.0,0.0
9,0.334880122256,1.0,0.0
9,0.607227241765,1.0,1.0
9,0.377566737842,1.0,1.0
9,0.362626964357,1.0,0.0
9,0.599353198841,1.0,0.0
9,0.434832639578,1.0,1.0
9,0.333996183696,1.0,0.0
9,0.363959336762,1.0,0.0
9,0.338972048126,1.0,0.0
9,0.34549823567,1.0,1.0
9,0.339106857558,1.0,0.0
9,0.351073516696,1.0,1.0
9,0.410489376961,1.0,1.0
9,0.436740636062,1.0,1.0
9,0.484272768117,1.0,0.0
9,0.517440434536,1.0,1.0
9,0.39263887879,1.0,0.0
9,0.29742654895,1.0,0.0
9,0.387904250063,1.0,0.0
9,0.323487211695,1.0,0.0
9,0.546044650717,1.0,1.0
9,0.502186367117,1.0,0.0
9,0.357061631203,1.0,1.0
9,0.330439591722,1.0,1.0
9,0.22855185027,1.0,0.0
9,0.42672421251,1.0,1.0
9,0.423251298631,1.0,0.0
9,0.474835651891,1.0,0.0
9,0.278910752567,1.0,1.0
9,0.506362580249,1.0,0.0
9,0.4881703805,1.0,1.0
9,0.464982426581,1.0,0.0
9,0.513659385467,1.0,1.0
9,0.46671647614,1.0,1.0
9,0.474403831479,1.0,1.0
9,0.550362194489,1.0,1.0
9,0.736811569968,1.0,0.0
9,0.420708153541,1.0,1.0
9,0.515031771706,1.0,0.0
9,0.440259635347,1.0,1.0
9,0.443669508394,1.0,0.0
9,0.395855251168,1.0,0.0
9,0.422934199909,1.0,1.0
9,0.435948421491,1.0,1.0
9,0.378704899113,1.0,0.0
9,0.399117174955,1.0,1.0
9,0.388999577888,1.0,0.0
9,0.376440063599,1.0,0.0
9,0.24268636253,1.0,0.0
9,0.537546702337,1.0,0.0
9,0.355243084736,1.0,1.0
9,0.483973260816,1.0,1.0
9,0.384354404825,1.0,1.0
9,0.428126532715,1.0,1.0
9,0.311204251826,1.0,0.0
9,0.276016144026,1.0,0.0
9,0.479900240349,1.0,1.0
9,0.484648096084,1.0,0.0
9,0.501658862768,1.0,1.0
9,0.388030947599,1.0,0.0
9,0.339658340423,1.0,1.0
9,0.371827908109,1.0,1.0
9,0.328556468094,1.0,0.0
9,0.431803941949,1.0,1.0
9,0.369636211295,1.0,0.0
9,0.411804058771,1.0,1.0
9,0.411204111711,1.0,0.0
9,0.399527056825,1.0,1.0
9,0.343115006512,1.0,0.0
9,0.273920392325,1.0,0.0
9,0.401746710102,1.0,0.0
9,0.344908437655,1.0,0.0
9,0.633086676291,1.0,1.0
9,0.433193706787,1.0,0.0
9,0.430772954114,1.0,0.0
9,0.311232757105,1.0,0.0
9,0.353619337749,1.0,1.0
9,0.328311542438,1.0,1.0
9,0.313233140396,1.0,1.0
9,0.330629060094,1.0,1.0
9,0.288267130309,1.0,0.0
9,0.384740889824,1.0,0.0
9,0.370509281174,1.0,0.0
9,0.439442689096,1.0,1.0
9,0.387028531395,1.0,0.0
9,0.407246145756,1.0,0.0
9,0.963055024935,1.0,0.0
9,0.437250083469,1.0,1.0
9,0.40518781557,1.0,1.0
9,0.518713669235,1.0,0.0
9,0.361937878923,1.0,0.0
9,0.389820919259,1.0,1.0
9,0.404326508717,1.0,1.0
9,0.424404654528,1.0,1.0
9,0.374987947216,1.0,1.0
9,0.378807521784,1.0,1.0
9,0.390882632342,1.0,0.0
9,0.268911453146,1.0,1.0
9,0.277956686914,1.0,0.0
9,0.227234261321,1.0,1.0
9,0.314059554878,1.0,0.0
9,0.390795279473,1.0,1.0
