subj_id,rt,response,nr_targets
pilot_3,0.744025698634,1.0,1.0
pilot_3,1.06036320437,1.0,1.0
pilot_3,1.13616792982,1.0,1.0
pilot_3,0.769641097559,1.0,2.0
pilot_3,0.678587203271,1.0,1.0
pilot_3,1.01532141824,1.0,1.0
pilot_3,1.76015685718,1.0,2.0
pilot_3,0.951503493001,1.0,2.0
pilot_3,0.730878615999,1.0,1.0
pilot_3,0.928230530675,1.0,1.0
pilot_3,0.905169559326,1.0,1.0
pilot_3,0.706698315085,1.0,2.0
pilot_3,0.806539283823,1.0,1.0
pilot_3,1.49815768128,1.0,2.0
pilot_3,0.755989000416,1.0,2.0
pilot_3,0.625269045451,1.0,1.0
pilot_3,0.730086943862,1.0,2.0
pilot_3,0.651140337335,1.0,2.0
pilot_3,0.770460597238,1.0,2.0
pilot_3,1.44699418715,1.0,2.0
pilot_3,0.687585033069,1.0,2.0
pilot_3,1.10412599439,1.0,2.0
pilot_3,0.66363381156,1.0,1.0
pilot_3,0.682656855064,1.0,1.0
pilot_3,0.64913019362,1.0,2.0
pilot_3,0.91091106276,1.0,2.0
pilot_3,0.805112897317,1.0,1.0
pilot_3,0.65698204512,1.0,1.0
pilot_3,1.48133133642,1.0,2.0
pilot_3,0.756439077004,1.0,2.0
pilot_3,0.693416267848,0.0,1.0
pilot_3,0.851680416323,1.0,2.0
pilot_3,0.741365915268,1.0,2.0
pilot_3,0.853660632883,1.0,1.0
pilot_3,0.699585813411,1.0,2.0
pilot_3,0.579906243425,1.0,2.0
pilot_3,0.953225425817,1.0,1.0
pilot_3,0.927946516176,1.0,2.0
pilot_3,0.640011858628,1.0,2.0
pilot_3,0.750142324714,1.0,1.0
pilot_3,0.647648584023,1.0,1.0
pilot_3,0.91163228088,0.0,2.0
pilot_3,0.852866722784,1.0,1.0
pilot_3,0.982780360206,1.0,2.0
pilot_3,0.848793695868,1.0,1.0
pilot_3,0.655691064383,1.0,1.0
pilot_3,0.952172391984,1.0,1.0
pilot_3,0.834860911349,1.0,1.0
pilot_3,0.808812442383,1.0,2.0
pilot_3,0.719082819458,0.0,2.0
pilot_3,0.971308314805,1.0,1.0
pilot_3,0.866735941527,1.0,2.0
pilot_3,0.94669386422,1.0,1.0
pilot_3,0.917879987153,1.0,1.0
pilot_3,0.74049145967,1.0,2.0
pilot_3,0.581450827987,1.0,2.0
pilot_3,0.763820743423,1.0,1.0
pilot_3,0.910020635425,1.0,2.0
pilot_3,0.649552979481,1.0,2.0
pilot_3,0.747953068772,1.0,1.0
pilot_3,0.724398908724,1.0,1.0
pilot_3,0.804834318729,1.0,2.0
pilot_3,0.78949419739,1.0,1.0
pilot_3,0.756765210455,1.0,1.0
pilot_3,0.718771130592,1.0,2.0
pilot_3,0.5462538597,1.0,1.0
pilot_3,0.774177730837,1.0,1.0
pilot_3,0.805975029118,1.0,2.0
pilot_3,0.823341359084,1.0,1.0
pilot_3,0.828576312037,1.0,1.0
pilot_3,0.723670991889,1.0,1.0
pilot_3,0.699623357967,1.0,2.0
pilot_3,0.879462736732,1.0,1.0
pilot_3,0.712740914738,1.0,1.0
pilot_3,0.709995980771,1.0,1.0
pilot_3,0.829880993371,1.0,2.0
pilot_3,0.766713265783,1.0,1.0
pilot_3,1.38351898263,1.0,2.0
pilot_3,0.777937964906,1.0,2.0
pilot_3,0.793814633405,1.0,1.0
pilot_3,1.00049806838,1.0,1.0
pilot_3,0.770821536116,1.0,1.0
pilot_3,0.758323420792,1.0,1.0
pilot_3,0.65772496206,1.0,2.0
pilot_3,0.802781218898,1.0,1.0
pilot_3,0.71160405664,1.0,1.0
pilot_3,0.726984296141,0.0,1.0
pilot_3,0.913069935201,1.0,1.0
pilot_3,1.14676783806,1.0,1.0
pilot_3,1.62766787935,1.0,2.0
pilot_3,0.983311231463,1.0,2.0
pilot_3,0.958593327403,1.0,2.0
pilot_3,0.913688249017,1.0,1.0
pilot_3,0.915024475009,1.0,2.0
pilot_3,0.713182630287,1.0,1.0
pilot_3,0.916919123803,1.0,2.0
pilot_3,0.871494657971,1.0,2.0
pilot_3,0.880274937354,1.0,2.0
pilot_3,0.88010290501,1.0,2.0
pilot_3,0.637885061658,1.0,2.0
pilot_3,1.13666947039,0.0,1.0
pilot_3,1.22687213152,1.0,2.0
pilot_3,0.714949406363,1.0,2.0
pilot_3,0.86758607917,1.0,1.0
pilot_3,0.76699062039,1.0,1.0
pilot_3,0.659283052044,1.0,2.0
pilot_3,0.78258306122,1.0,1.0
pilot_3,0.993253574528,1.0,2.0
pilot_3,0.886690508862,1.0,2.0
pilot_3,0.627686018819,1.0,2.0
pilot_3,0.886589167356,1.0,1.0
pilot_3,0.955643509165,1.0,2.0
pilot_3,0.602495145375,0.0,1.0
pilot_3,0.879598247677,1.0,1.0
pilot_3,0.803318539694,1.0,1.0
pilot_3,0.912554135697,1.0,2.0
pilot_3,0.793635473181,1.0,2.0
pilot_3,0.601179034229,1.0,2.0
pilot_3,0.787871989283,1.0,2.0
pilot_3,0.659161671219,1.0,2.0
pilot_3,0.774034126025,1.0,2.0
pilot_3,0.661579061405,1.0,2.0
pilot_3,0.815748486966,1.0,1.0
pilot_3,0.681693016115,1.0,1.0
pilot_3,0.638763942357,1.0,1.0
pilot_3,0.914318433814,1.0,2.0
pilot_3,0.799114004121,1.0,2.0
pilot_3,0.76965249137,1.0,1.0
pilot_3,0.928797974151,1.0,1.0
pilot_3,0.547987846317,1.0,1.0
pilot_3,0.747083089102,1.0,1.0
pilot_3,0.615606924592,1.0,2.0
pilot_3,0.674692313421,0.0,2.0
pilot_3,0.658876432743,1.0,1.0
pilot_3,0.759449083427,1.0,1.0
pilot_3,0.705404250753,1.0,1.0
pilot_3,0.503188324192,1.0,2.0
pilot_3,0.743143061998,1.0,2.0
pilot_3,0.738105076975,1.0,1.0
pilot_3,0.64452064919,1.0,1.0
pilot_3,0.758283071807,1.0,2.0
pilot_3,0.651487545618,1.0,2.0
pilot_3,0.69738449449,1.0,1.0
pilot_3,0.543202478311,1.0,2.0
pilot_3,0.777576366037,1.0,1.0
pilot_3,0.699314266707,1.0,1.0
pilot_3,0.507916585138,1.0,2.0
pilot_3,0.634838945005,1.0,1.0
pilot_3,0.584035273772,1.0,1.0
pilot_3,0.777294163508,1.0,2.0
pilot_3,0.623101511976,0.0,2.0
pilot_3,0.844326280627,1.0,1.0
pilot_3,0.721305659672,1.0,2.0
pilot_3,0.671829178578,1.0,2.0
pilot_3,0.627352489959,1.0,2.0
pilot_3,0.677267252187,1.0,2.0
pilot_3,0.59763587341,1.0,2.0
pilot_3,0.62846325484,1.0,1.0
pilot_3,0.712512648497,1.0,2.0
pilot_3,0.880279557277,1.0,1.0
pilot_3,0.625911130875,1.0,1.0
pilot_3,0.635259868073,1.0,1.0
pilot_3,0.84971441388,1.0,2.0
pilot_3,0.593669711088,1.0,1.0
pilot_3,0.626152284904,1.0,1.0
pilot_3,0.569675674282,1.0,2.0
pilot_3,0.713654366869,1.0,1.0
pilot_3,0.623527142141,1.0,2.0
pilot_3,0.617681066429,1.0,1.0
pilot_3,1.04066834276,1.0,2.0
pilot_3,0.60034019122,1.0,1.0
pilot_3,0.513879659276,1.0,2.0
pilot_3,0.843230860315,1.0,1.0
pilot_3,0.473010795235,1.0,2.0
pilot_3,0.848383698622,1.0,2.0
pilot_3,0.741021382943,1.0,2.0
pilot_3,0.65941369107,1.0,2.0
pilot_3,0.505494629382,1.0,1.0
pilot_3,0.767636449753,1.0,2.0
pilot_3,0.632384619077,1.0,1.0
pilot_3,0.768286131053,1.0,2.0
pilot_3,0.655568243228,1.0,1.0
pilot_3,0.521799264483,1.0,1.0
pilot_3,0.55925807269,1.0,2.0
pilot_3,0.623886602219,0.0,2.0
pilot_3,0.744716646901,1.0,2.0
pilot_3,0.804990364513,1.0,2.0
pilot_3,1.04379488491,1.0,2.0
pilot_3,0.530053577706,1.0,1.0
pilot_3,0.556164010828,1.0,2.0
pilot_3,1.01868153372,1.0,2.0
pilot_3,0.698959069732,1.0,2.0
pilot_3,0.760619654971,1.0,2.0
pilot_3,0.527779941978,1.0,1.0
pilot_3,0.593558961735,1.0,1.0
pilot_3,0.518069327092,0.0,1.0
pilot_3,0.595722196105,1.0,2.0
pilot_3,0.981009486195,1.0,1.0
pilot_3,0.683580450204,1.0,1.0
pilot_3,0.682703540648,1.0,1.0
pilot_3,0.775560996055,0.0,1.0
pilot_3,0.9839099496,1.0,2.0
pilot_3,0.607761081817,1.0,1.0
pilot_3,1.048475147,1.0,2.0
pilot_3,0.69088922947,1.0,2.0
pilot_3,0.815781627596,1.0,2.0
pilot_3,0.849233605799,1.0,1.0
pilot_3,0.835250757751,1.0,1.0
pilot_3,0.660618612046,1.0,1.0
pilot_3,0.883864492231,1.0,1.0
pilot_3,0.609401367978,1.0,1.0
pilot_3,0.694758674093,1.0,2.0
pilot_3,0.77132623298,1.0,1.0
pilot_3,0.761190968737,1.0,1.0
pilot_3,0.555732725579,1.0,1.0
pilot_3,0.645190874504,1.0,2.0
pilot_3,0.691093202464,1.0,2.0
pilot_3,0.719931220308,1.0,2.0
pilot_3,0.847169969789,1.0,2.0
pilot_3,0.687005178621,1.0,2.0
pilot_3,0.793505257678,1.0,1.0
pilot_3,0.523951414212,1.0,1.0
pilot_3,0.614683185808,1.0,2.0
pilot_3,1.26807180329,1.0,2.0
pilot_3,0.788013121784,1.0,1.0
pilot_3,0.671134834016,1.0,2.0
pilot_3,0.656186404223,1.0,2.0
pilot_3,0.559987825496,1.0,1.0
pilot_3,0.771808444684,1.0,2.0
pilot_3,1.06289712746,0.0,2.0
pilot_3,0.675761156992,1.0,2.0
pilot_3,0.871141377789,1.0,1.0
pilot_3,0.885202185025,1.0,1.0
pilot_3,0.754192726003,0.0,1.0
pilot_3,0.616679550927,1.0,1.0
pilot_3,0.608607676699,1.0,1.0
pilot_3,0.755701155158,1.0,1.0
pilot_3,0.661291558139,1.0,2.0
pilot_3,0.930616940193,1.0,2.0
pilot_3,0.590391205911,1.0,1.0
pilot_3,0.613417488654,1.0,2.0
pilot_3,0.664529896803,1.0,1.0
pilot_3,0.744968660751,1.0,2.0
pilot_3,0.709974510301,1.0,1.0
pilot_3,0.86741912592,1.0,1.0
pilot_3,0.517616361729,1.0,2.0
pilot_3,0.549078412358,1.0,1.0
pilot_3,0.654257513994,0.0,1.0
pilot_3,0.625143533518,1.0,1.0
pilot_3,0.662194024451,1.0,1.0
pilot_3,1.25962783036,1.0,2.0
pilot_3,0.807736638926,1.0,1.0
pilot_3,0.614558207864,1.0,2.0
pilot_3,0.612554333693,1.0,2.0
pilot_3,0.53738593094,1.0,2.0
pilot_3,0.592902572545,1.0,2.0
pilot_3,0.867260371713,1.0,2.0
pilot_3,0.952238259251,1.0,1.0
pilot_3,0.516380414912,1.0,2.0
pilot_3,1.01795437852,1.0,2.0
pilot_3,0.849582652871,1.0,2.0
pilot_3,0.576864647523,1.0,1.0
pilot_3,0.66578325216,1.0,1.0
pilot_3,0.682321424589,1.0,2.0
pilot_3,0.486523238676,1.0,1.0
pilot_3,0.71284965377,1.0,2.0
pilot_3,0.66648814737,1.0,1.0
pilot_3,0.494998261085,1.0,1.0
pilot_3,0.672927898479,1.0,1.0
pilot_3,0.856709512667,1.0,1.0
pilot_3,0.56693988699,1.0,1.0
pilot_3,0.72418230629,1.0,2.0
pilot_3,0.665378010006,1.0,1.0
pilot_3,0.642581085136,1.0,2.0
pilot_3,0.496859394436,1.0,2.0
pilot_3,0.704832298172,1.0,1.0
pilot_3,0.48300697259,1.0,2.0
pilot_3,0.588220189667,1.0,1.0
pilot_3,0.548029299633,1.0,1.0
pilot_3,0.805778241182,1.0,1.0
pilot_3,0.738101291037,1.0,2.0
pilot_3,0.864094844674,1.0,2.0
pilot_3,0.764367997588,1.0,2.0
pilot_3,1.08438963147,1.0,2.0
pilot_3,0.631369598148,1.0,2.0
pilot_3,0.600867417357,1.0,2.0
pilot_3,0.889285124125,1.0,2.0
pilot_3,0.613276877793,1.0,2.0
pilot_3,0.56158961029,1.0,1.0
pilot_3,0.855829665979,1.0,2.0
pilot_3,0.592073029384,1.0,2.0
pilot_3,0.649154169223,1.0,1.0
pilot_3,0.680649837297,1.0,2.0
pilot_3,0.502009940425,1.0,2.0
pilot_3,0.488679845977,0.0,1.0
pilot_3,0.529587616205,1.0,1.0
pilot_3,0.690147092871,1.0,2.0
pilot_3,0.554403885817,0.0,1.0
pilot_3,0.656902918421,1.0,1.0
pilot_3,0.969892347301,1.0,2.0
pilot_3,0.661144269387,1.0,2.0
pilot_3,0.553139157473,1.0,1.0
pilot_3,0.884678294831,1.0,2.0
pilot_3,0.630387447149,1.0,1.0
pilot_3,0.817408587976,1.0,1.0
pilot_3,0.674788371838,1.0,1.0
pilot_3,0.569700669872,1.0,2.0
pilot_3,0.918807277878,1.0,2.0
pilot_3,0.77889268718,1.0,2.0
pilot_3,0.664013791302,1.0,1.0
pilot_3,0.505582641581,1.0,1.0
pilot_3,0.628903260418,1.0,2.0
pilot_3,0.71104372869,1.0,2.0
pilot_3,0.465644155742,1.0,1.0
pilot_3,0.696035683883,1.0,1.0
pilot_3,0.697543621045,1.0,2.0
pilot_3,0.736476850972,1.0,2.0
pilot_3,0.475910076304,1.0,2.0
pilot_3,0.468830481263,1.0,1.0
pilot_3,0.441482079706,1.0,1.0
pilot_3,0.528088184077,1.0,2.0
pilot_3,0.849530546908,1.0,2.0
pilot_3,0.905083970734,1.0,1.0
pilot_3,0.579781538658,1.0,2.0
pilot_3,0.846588672186,1.0,2.0
pilot_3,0.634505389324,1.0,2.0
pilot_3,0.547978603292,1.0,1.0
pilot_3,0.66526620185,1.0,1.0
pilot_3,0.560615166338,0.0,2.0
pilot_3,0.688757902928,0.0,2.0
pilot_3,0.705949668594,1.0,1.0
pilot_3,0.730464577995,1.0,2.0
pilot_3,0.789018015235,1.0,1.0
pilot_3,0.598594168801,1.0,1.0
pilot_3,0.65741790794,1.0,1.0
pilot_3,0.848590830032,1.0,2.0
pilot_3,0.641139387233,1.0,1.0
pilot_3,0.570944227387,1.0,2.0
pilot_3,0.815857835165,1.0,2.0
pilot_3,0.492077167197,1.0,2.0
pilot_3,0.872010289477,1.0,1.0
pilot_3,0.522898767551,1.0,1.0
pilot_3,0.709971141183,1.0,2.0
pilot_3,0.818003771819,1.0,1.0
pilot_3,0.696168083701,1.0,1.0
pilot_3,0.57613856066,1.0,2.0
pilot_3,1.0625349346,1.0,1.0
pilot_3,0.559760447592,1.0,1.0
pilot_3,0.584666841016,1.0,2.0
pilot_3,0.646628156479,1.0,1.0
pilot_3,0.795062310033,1.0,2.0
pilot_3,0.747144306093,1.0,2.0
pilot_3,0.571445227961,1.0,1.0
pilot_3,0.442208664561,1.0,1.0
pilot_3,0.783378939286,1.0,1.0
pilot_3,1.13126031666,1.0,1.0
pilot_3,0.562180363384,1.0,1.0
pilot_3,0.537890477452,1.0,2.0
pilot_3,0.61551708807,1.0,1.0
pilot_3,0.418405835433,1.0,1.0
pilot_6,0.583997027557,1.0,2.0
pilot_6,0.793382876867,1.0,1.0
pilot_6,0.664518726883,1.0,1.0
pilot_6,0.753339679744,1.0,1.0
pilot_6,0.817620068752,1.0,1.0
pilot_6,0.75197309943,1.0,1.0
pilot_6,0.61428860646,1.0,2.0
pilot_6,0.624959419205,1.0,2.0
pilot_6,0.808424993294,1.0,2.0
pilot_6,0.742493530649,1.0,1.0
pilot_6,0.826631488762,1.0,1.0
pilot_6,0.577613540461,1.0,2.0
pilot_6,0.694040453031,1.0,1.0
pilot_6,0.997415807733,1.0,2.0
pilot_6,0.608677006452,1.0,1.0
pilot_6,0.666660853545,1.0,1.0
pilot_6,0.906429258901,1.0,2.0
pilot_6,0.704340741734,1.0,2.0
pilot_6,0.744990977497,1.0,2.0
pilot_6,0.628593287828,1.0,2.0
pilot_6,0.693686303188,1.0,1.0
pilot_6,1.39755617253,1.0,2.0
pilot_6,0.759628193382,1.0,1.0
pilot_6,0.651918632295,1.0,1.0
pilot_6,0.602346280035,1.0,2.0
pilot_6,0.783841919841,1.0,1.0
pilot_6,0.827561846006,1.0,2.0
pilot_6,0.52915471772,1.0,1.0
pilot_6,0.614655461007,1.0,1.0
pilot_6,0.81116457951,1.0,1.0
pilot_6,0.71259535922,1.0,2.0
pilot_6,0.768831104766,1.0,2.0
pilot_6,0.69501104272,1.0,1.0
pilot_6,0.572744817461,1.0,1.0
pilot_6,0.695360500607,1.0,2.0
pilot_6,0.97658448344,1.0,2.0
pilot_6,0.593532101816,1.0,2.0
pilot_6,0.802676648573,1.0,1.0
pilot_6,0.766354523252,1.0,2.0
pilot_6,0.495993611825,1.0,1.0
pilot_6,0.674788521049,1.0,2.0
pilot_6,0.480993393003,1.0,1.0
pilot_6,0.593626948923,1.0,2.0
pilot_6,0.890276354929,1.0,1.0
pilot_6,0.664966058319,1.0,1.0
pilot_6,0.761543618531,1.0,2.0
pilot_6,0.625821833089,1.0,1.0
pilot_6,0.532768255711,1.0,1.0
pilot_6,0.482006516645,1.0,2.0
pilot_6,0.699115130093,1.0,1.0
pilot_6,0.923250130587,1.0,2.0
pilot_6,0.634053905258,1.0,1.0
pilot_6,0.898096735325,1.0,1.0
pilot_6,0.630448464367,1.0,1.0
pilot_6,0.610653183852,1.0,2.0
pilot_6,0.935119608875,1.0,2.0
pilot_6,1.02477654622,1.0,1.0
pilot_6,1.08394777932,1.0,1.0
pilot_6,0.580436751066,1.0,2.0
pilot_6,0.598113517873,1.0,2.0
pilot_6,0.608057668281,1.0,2.0
pilot_6,0.632950365643,1.0,1.0
pilot_6,1.26627895926,1.0,2.0
pilot_6,1.20538298522,1.0,2.0
pilot_6,0.791237947878,1.0,2.0
pilot_6,0.551881348999,1.0,2.0
pilot_6,0.577609940848,1.0,2.0
pilot_6,0.592931051473,0.0,1.0
pilot_6,0.641188681283,1.0,2.0
pilot_6,0.7959905875,1.0,2.0
pilot_6,0.709309796143,1.0,1.0
pilot_6,0.569975798346,1.0,2.0
pilot_6,0.745039786684,1.0,2.0
pilot_6,0.679053508908,1.0,1.0
pilot_6,0.930067881243,1.0,2.0
pilot_6,0.727176178812,1.0,2.0
pilot_6,0.783940885733,1.0,1.0
pilot_6,0.986602457506,1.0,2.0
pilot_6,0.67405281115,1.0,2.0
pilot_6,0.709307324167,1.0,1.0
pilot_6,0.77005114246,1.0,2.0
pilot_6,0.91889530275,1.0,1.0
pilot_6,0.631479851484,1.0,2.0
pilot_6,0.873775160234,1.0,1.0
pilot_6,0.627792718539,1.0,2.0
pilot_6,1.20491939041,1.0,2.0
pilot_6,0.574831945817,1.0,1.0
pilot_6,0.807581476057,1.0,2.0
pilot_6,0.601546415211,1.0,2.0
pilot_6,0.740836478598,1.0,2.0
pilot_6,1.0446818777,1.0,2.0
pilot_6,0.640017651481,1.0,1.0
pilot_6,0.620483676977,1.0,1.0
pilot_6,0.966949579298,1.0,2.0
pilot_6,0.982231312294,0.0,2.0
pilot_6,0.786299775531,1.0,1.0
pilot_6,1.30330034447,1.0,2.0
pilot_6,0.761189691038,1.0,1.0
pilot_6,0.565369005704,1.0,2.0
pilot_6,0.608758230511,1.0,1.0
pilot_6,0.833752678092,1.0,1.0
pilot_6,0.675726189401,1.0,1.0
pilot_6,0.80210283762,1.0,1.0
pilot_6,0.691310472725,1.0,2.0
pilot_6,0.632639439746,1.0,1.0
pilot_6,0.762670689923,1.0,1.0
pilot_6,0.731915285386,1.0,1.0
pilot_6,0.575843710295,1.0,1.0
pilot_6,1.03130660276,1.0,2.0
pilot_6,0.656206281941,1.0,1.0
pilot_6,0.64763733659,1.0,1.0
pilot_6,0.803363755753,1.0,1.0
pilot_6,0.795896124037,1.0,2.0
pilot_6,0.723698734718,1.0,1.0
pilot_6,0.726220150987,1.0,1.0
pilot_6,0.580141886664,1.0,2.0
pilot_6,0.692438308934,1.0,1.0
pilot_6,0.537616798077,1.0,2.0
pilot_6,0.709593506297,1.0,1.0
pilot_6,0.656163325521,1.0,2.0
pilot_6,0.874175926462,1.0,2.0
pilot_6,0.687600182469,1.0,1.0
pilot_6,0.654663879634,1.0,2.0
pilot_6,0.828300472231,1.0,1.0
pilot_6,0.760156062413,1.0,1.0
pilot_6,1.05464571992,1.0,2.0
pilot_6,0.682574830943,1.0,1.0
pilot_6,0.666694054409,1.0,1.0
pilot_6,0.593310292727,1.0,1.0
pilot_6,0.801002826327,1.0,1.0
pilot_6,0.561354059491,1.0,1.0
pilot_6,1.05885416431,1.0,2.0
pilot_6,0.779016387258,1.0,2.0
pilot_6,0.747119463464,1.0,1.0
pilot_6,0.740467949714,1.0,1.0
pilot_6,0.517354127608,1.0,1.0
pilot_6,0.502517818421,1.0,1.0
pilot_6,0.624106881229,1.0,2.0
pilot_6,0.90327899455,1.0,1.0
pilot_6,0.553025645876,1.0,2.0
pilot_6,0.856130403125,1.0,1.0
pilot_6,0.675840049976,1.0,1.0
pilot_6,0.654119564757,1.0,2.0
pilot_6,0.581328000678,1.0,2.0
pilot_6,0.833463837635,1.0,2.0
pilot_6,0.471721455092,1.0,1.0
pilot_6,0.603413471638,1.0,2.0
pilot_6,0.71959151855,1.0,2.0
pilot_6,0.664883676272,1.0,2.0
pilot_6,0.582150763757,1.0,1.0
pilot_6,0.629533469802,1.0,2.0
pilot_6,0.948069908166,1.0,1.0
pilot_6,0.549966469845,1.0,1.0
pilot_6,0.856209116384,1.0,1.0
pilot_6,0.70576845265,1.0,1.0
pilot_6,0.501392409013,1.0,1.0
pilot_6,0.665608379451,1.0,2.0
pilot_6,0.644924255302,1.0,2.0
pilot_6,0.602814560451,0.0,2.0
pilot_6,0.688037767174,1.0,1.0
pilot_6,0.683882986631,1.0,2.0
pilot_6,0.617429543722,1.0,2.0
pilot_6,0.553229457958,1.0,1.0
pilot_6,0.630810137787,1.0,2.0
pilot_6,0.673202786797,1.0,1.0
pilot_6,1.08884103891,1.0,2.0
pilot_6,0.719814359277,1.0,1.0
pilot_6,0.496603437261,1.0,2.0
pilot_6,0.676514245631,1.0,1.0
pilot_6,0.753942665246,1.0,2.0
pilot_6,0.518012096592,1.0,2.0
pilot_6,1.0074598692,1.0,2.0
pilot_6,0.585361459892,1.0,1.0
pilot_6,0.688131753466,1.0,1.0
pilot_6,0.531572302143,1.0,1.0
pilot_6,0.648325412937,1.0,1.0
pilot_6,0.505909553322,1.0,2.0
pilot_6,0.790314979741,1.0,2.0
pilot_6,0.591191094672,1.0,1.0
pilot_6,0.629413381285,1.0,1.0
pilot_6,0.699091277141,1.0,2.0
pilot_6,0.56130700511,1.0,1.0
pilot_6,0.666903836434,1.0,2.0
pilot_6,0.642554955247,1.0,2.0
pilot_6,0.683265793264,1.0,1.0
pilot_6,0.664069451112,1.0,2.0
pilot_6,0.473607513341,0.0,1.0
pilot_6,0.619318707119,1.0,2.0
pilot_6,0.725043354886,1.0,2.0
pilot_6,0.515985171669,1.0,2.0
pilot_6,0.483833829447,1.0,1.0
pilot_6,0.544023654954,1.0,2.0
pilot_6,0.569696624149,1.0,2.0
pilot_6,0.64682342625,1.0,2.0
pilot_6,0.598097966019,1.0,1.0
pilot_6,0.629702776562,1.0,1.0
pilot_6,0.696912553646,1.0,1.0
pilot_6,0.465044421112,1.0,1.0
pilot_6,0.838644516051,1.0,1.0
pilot_6,0.537302242215,1.0,2.0
pilot_6,1.03096880594,1.0,2.0
pilot_6,0.718804835602,1.0,1.0
pilot_6,0.663636192012,1.0,1.0
pilot_6,0.736624104244,1.0,1.0
pilot_6,0.788898165077,1.0,2.0
pilot_6,0.681745404749,1.0,2.0
pilot_6,0.623467802891,1.0,1.0
pilot_6,0.727296342858,1.0,2.0
pilot_6,0.762050964579,1.0,2.0
pilot_6,0.657641222436,1.0,1.0
pilot_6,0.884990821851,1.0,2.0
pilot_6,0.728783152865,1.0,2.0
pilot_6,0.630304708897,1.0,2.0
pilot_6,0.776577019863,1.0,2.0
pilot_6,0.855242972654,1.0,2.0
pilot_6,0.71268993033,1.0,2.0
pilot_6,0.608665813381,1.0,2.0
pilot_6,0.600081088178,1.0,2.0
pilot_6,0.563358937798,0.0,2.0
pilot_6,0.907051882218,1.0,2.0
pilot_6,0.992184351794,1.0,2.0
pilot_6,0.694590101858,1.0,1.0
pilot_6,0.62963115806,1.0,2.0
pilot_6,0.584021282505,1.0,1.0
pilot_6,0.475479250078,1.0,1.0
pilot_6,0.544318483003,1.0,1.0
pilot_6,0.863683795211,1.0,1.0
pilot_6,0.843425897874,1.0,1.0
pilot_6,0.690223603778,1.0,1.0
pilot_6,0.624544087938,1.0,1.0
pilot_6,0.615811244953,1.0,1.0
pilot_6,0.602426046108,1.0,2.0
pilot_6,0.521368078183,1.0,2.0
pilot_6,0.870793950293,1.0,2.0
pilot_6,0.521173040842,1.0,1.0
pilot_6,0.617009865672,1.0,1.0
pilot_6,0.69155960838,1.0,1.0
pilot_6,0.975085850721,1.0,2.0
pilot_6,0.867601137166,1.0,1.0
pilot_6,0.952916050554,1.0,2.0
pilot_6,0.889798036254,1.0,2.0
pilot_6,0.737169171937,1.0,1.0
pilot_6,0.65745797816,1.0,1.0
pilot_6,0.649827273979,1.0,2.0
pilot_6,0.724240697617,1.0,1.0
pilot_6,0.730680979826,1.0,2.0
pilot_6,0.692054810544,1.0,2.0
pilot_6,0.717531377588,1.0,1.0
pilot_6,0.585944654404,1.0,1.0
pilot_6,0.811474341771,1.0,1.0
pilot_6,0.730941569373,1.0,2.0
pilot_6,0.803855625123,1.0,2.0
pilot_6,0.787721030155,1.0,2.0
pilot_6,0.691854124432,1.0,2.0
pilot_6,0.595853701965,1.0,1.0
pilot_6,0.937743309357,1.0,2.0
pilot_6,0.646356861817,1.0,2.0
pilot_6,0.643909526499,1.0,2.0
pilot_6,1.16831375011,1.0,2.0
pilot_6,0.826988491755,1.0,2.0
pilot_6,0.662811049779,1.0,1.0
pilot_6,0.699420773217,1.0,2.0
pilot_6,0.725770842038,1.0,2.0
pilot_6,0.623958169453,1.0,2.0
pilot_6,0.759000158469,1.0,2.0
pilot_6,0.505468134653,1.0,1.0
pilot_6,0.625025760582,1.0,2.0
pilot_6,0.712184753085,1.0,1.0
pilot_6,0.634509469323,1.0,2.0
pilot_6,0.747732138521,1.0,1.0
pilot_6,0.783678058207,1.0,2.0
pilot_6,0.603135410608,1.0,1.0
pilot_6,0.709821180153,1.0,1.0
pilot_6,0.591554271607,1.0,2.0
pilot_6,0.66250490866,1.0,1.0
pilot_6,0.570451185871,1.0,2.0
pilot_6,0.633704339723,1.0,1.0
pilot_6,0.553270191927,1.0,1.0
pilot_6,0.535876127637,1.0,1.0
pilot_6,1.19435486101,1.0,2.0
pilot_6,0.697460318491,1.0,2.0
pilot_6,0.702603779258,1.0,2.0
pilot_6,0.81999438723,1.0,1.0
pilot_6,0.767308163099,1.0,2.0
pilot_6,0.650679589957,1.0,1.0
pilot_6,0.458651610103,1.0,1.0
pilot_6,0.599340991967,1.0,1.0
pilot_6,0.667133505096,1.0,1.0
pilot_6,0.507742005252,1.0,1.0
pilot_6,0.672564549157,1.0,2.0
pilot_6,0.545568358415,1.0,1.0
pilot_6,0.611913270816,1.0,2.0
pilot_6,0.527928746082,0.0,1.0
pilot_6,0.610790780204,1.0,2.0
pilot_6,0.58673696177,1.0,2.0
pilot_6,0.740059887907,1.0,1.0
pilot_6,0.625839040927,1.0,1.0
pilot_6,0.58867135874,1.0,1.0
pilot_6,0.592498269546,1.0,2.0
pilot_6,0.678399071068,1.0,2.0
pilot_6,0.626119814284,1.0,1.0
pilot_6,0.715463716224,1.0,1.0
pilot_6,0.662239696332,0.0,2.0
pilot_6,0.771733121805,1.0,1.0
pilot_6,0.694745761216,1.0,2.0
pilot_6,0.640784837084,1.0,1.0
pilot_6,0.737398132959,1.0,1.0
pilot_6,0.503608431332,1.0,2.0
pilot_6,0.691803883728,1.0,2.0
pilot_6,0.715485154022,1.0,1.0
pilot_6,0.695390338326,1.0,1.0
pilot_6,0.539415569147,1.0,1.0
pilot_6,0.556385506607,1.0,1.0
pilot_6,0.783353482438,1.0,2.0
pilot_6,0.658348885775,1.0,1.0
pilot_6,0.638591950546,1.0,1.0
pilot_6,0.453386198012,1.0,1.0
pilot_6,0.566593873351,1.0,1.0
pilot_6,0.681595357809,1.0,2.0
pilot_6,0.655718063713,1.0,1.0
pilot_6,0.623135238375,1.0,2.0
pilot_6,0.831673139664,1.0,2.0
pilot_6,0.449183882387,1.0,1.0
pilot_6,0.476219375935,1.0,1.0
pilot_6,0.401730608182,1.0,1.0
pilot_6,0.595802627269,1.0,1.0
pilot_6,0.62118076277,1.0,1.0
pilot_6,0.778893904057,1.0,2.0
pilot_6,0.611055570065,1.0,1.0
pilot_6,0.771460670369,1.0,1.0
pilot_6,0.645035791075,1.0,2.0
pilot_6,0.647286456716,1.0,1.0
pilot_6,0.768885959426,1.0,2.0
pilot_6,0.705500293998,0.0,2.0
pilot_6,0.56328649448,1.0,1.0
pilot_6,1.09510477913,1.0,2.0
pilot_6,0.710285428961,1.0,2.0
pilot_6,0.646810916368,1.0,1.0
pilot_6,0.742428752435,1.0,2.0
pilot_6,0.564965422679,1.0,1.0
pilot_6,0.642451648572,1.0,1.0
pilot_6,0.671981948287,1.0,1.0
pilot_6,0.683055060423,1.0,2.0
pilot_6,0.545928207852,1.0,2.0
pilot_6,0.633738065406,1.0,1.0
pilot_6,0.970932518988,1.0,1.0
pilot_6,0.617427854914,1.0,2.0
pilot_6,0.658216955841,1.0,2.0
pilot_6,0.6427619293,1.0,1.0
pilot_6,0.992044801931,1.0,2.0
pilot_6,0.795705806181,1.0,2.0
pilot_6,0.595483874623,1.0,1.0
pilot_6,0.632806652173,1.0,2.0
pilot_6,0.577991614902,1.0,2.0
pilot_6,0.649187371178,1.0,1.0
pilot_6,0.595483922269,1.0,2.0
pilot_6,0.642316361846,1.0,2.0
pilot_6,0.918200476112,1.0,2.0
pilot_6,0.563963732106,1.0,2.0
pilot_6,0.463777323037,1.0,2.0
1,0.931669244615,1.0,1.0
1,1.23783250134,1.0,1.0
1,1.68016932262,0.0,2.0
1,1.67273114537,1.0,2.0
1,0.850260244784,1.0,1.0
1,1.55217548132,1.0,2.0
1,1.3511491362,1.0,2.0
1,0.882803602755,1.0,2.0
1,0.80133200936,1.0,2.0
1,1.02923238417,1.0,1.0
1,0.970593520135,1.0,2.0
1,0.865479453234,1.0,1.0
1,0.623093769304,1.0,1.0
1,0.662264531886,1.0,1.0
1,0.727830788557,1.0,1.0
1,0.561500135183,1.0,1.0
1,0.744903315121,1.0,2.0
1,1.10838448431,1.0,2.0
1,0.466030890559,1.0,1.0
1,0.660141261178,1.0,1.0
1,0.77680417274,1.0,1.0
1,0.82607316853,1.0,2.0
1,0.837864402711,1.0,1.0
1,0.611256764867,1.0,1.0
1,0.516053098938,1.0,1.0
1,0.728478439254,1.0,2.0
1,0.771731442554,1.0,1.0
1,0.656309899801,1.0,2.0
1,0.688421653569,1.0,2.0
1,0.826942869142,1.0,2.0
1,1.30431970078,1.0,1.0
1,0.763860151972,1.0,2.0
1,0.774006831038,1.0,2.0
1,0.665168353458,1.0,1.0
1,0.74870554106,1.0,2.0
1,0.650475139686,1.0,2.0
1,0.514516634837,1.0,1.0
1,0.538661507584,1.0,1.0
1,0.673403842738,1.0,1.0
1,0.612135018469,1.0,2.0
1,0.5551648767,1.0,1.0
1,0.472257805668,1.0,1.0
1,0.805608657829,1.0,1.0
1,0.950218791622,1.0,1.0
1,0.75508680343,1.0,1.0
1,0.847178922428,1.0,2.0
1,0.594063499913,1.0,1.0
1,0.866705360706,1.0,2.0
1,0.51759649608,1.0,2.0
1,0.632185735449,1.0,2.0
1,0.715074329331,1.0,1.0
1,0.748750707819,1.0,2.0
1,0.578664396715,1.0,2.0
1,0.511847869857,1.0,2.0
1,0.664662131574,1.0,1.0
1,0.869344839928,1.0,1.0
1,0.671911156955,1.0,1.0
1,0.585458501664,1.0,2.0
1,0.561295638079,1.0,1.0
1,0.772240634004,1.0,1.0
1,0.859568947446,1.0,2.0
1,0.4691211584,1.0,1.0
1,0.528363904727,1.0,2.0
1,0.928998026036,0.0,2.0
1,0.926521038404,1.0,2.0
1,1.13244222998,1.0,2.0
1,0.74734669707,1.0,1.0
1,0.703463112746,1.0,2.0
1,0.581855627708,1.0,2.0
1,0.588418500454,1.0,2.0
1,0.553257808846,1.0,1.0
1,0.625946633882,1.0,1.0
1,0.467073402528,1.0,1.0
1,0.568882432359,1.0,1.0
1,0.645053210115,1.0,2.0
1,0.504904748726,1.0,2.0
1,1.1191289766,1.0,2.0
1,0.885915341685,1.0,1.0
1,0.705357478859,1.0,1.0
1,0.517316421669,1.0,1.0
1,0.759057049683,1.0,2.0
1,0.585840340369,1.0,1.0
1,0.567494537288,1.0,2.0
1,0.838447227885,1.0,1.0
1,1.04618517429,1.0,1.0
1,0.698865161525,1.0,2.0
1,0.645416136496,1.0,2.0
1,0.699482021533,1.0,1.0
1,0.901937019255,1.0,2.0
1,0.791001313977,1.0,2.0
1,1.66528849823,1.0,1.0
1,0.743560367962,1.0,1.0
1,1.16907649247,1.0,2.0
1,0.515583668326,1.0,1.0
1,0.650242209158,1.0,1.0
1,0.593241345166,1.0,2.0
1,0.793322772719,1.0,1.0
1,1.26091682367,1.0,2.0
1,0.747469598617,1.0,2.0
1,0.864583815506,1.0,2.0
1,0.559451802954,1.0,2.0
1,0.678337475256,1.0,1.0
1,0.923156200879,1.0,1.0
1,0.691799076027,1.0,2.0
1,0.932947773865,1.0,1.0
1,1.10913507247,1.0,2.0
1,0.651490589007,1.0,1.0
1,0.612698158031,1.0,1.0
1,0.54671072778,1.0,1.0
1,0.623156336049,1.0,2.0
1,0.63213437931,1.0,2.0
1,0.568395788097,1.0,2.0
1,0.508442098333,1.0,2.0
1,0.818039515216,1.0,1.0
1,0.889223261533,1.0,2.0
1,0.663782810356,0.0,1.0
1,0.662035183297,1.0,2.0
1,0.768630530569,1.0,1.0
1,0.682119265606,1.0,2.0
1,0.868496340074,1.0,2.0
1,0.709216754491,1.0,1.0
1,0.497770849761,1.0,2.0
1,0.458128301441,1.0,2.0
1,0.678165188699,1.0,2.0
1,0.592072709362,1.0,1.0
1,0.539847707871,1.0,2.0
1,0.651617555661,1.0,2.0
1,0.578973639698,1.0,1.0
1,0.915175043672,0.0,2.0
1,0.598755465719,1.0,1.0
1,0.666457752028,1.0,2.0
1,1.55953543246,0.0,2.0
1,0.96237735328,1.0,2.0
1,0.481310568954,1.0,2.0
1,0.737434529306,1.0,1.0
1,0.566903503932,1.0,2.0
1,0.614892902144,1.0,1.0
1,0.68158095039,1.0,2.0
1,0.587712347755,1.0,2.0
1,0.480921767565,0.0,1.0
1,1.50299743804,1.0,1.0
1,0.676592970965,1.0,2.0
1,0.713164195899,1.0,1.0
1,0.468774611334,1.0,1.0
1,0.596992274979,1.0,1.0
1,0.577072106549,1.0,2.0
1,0.398170225424,1.0,1.0
1,0.435519574428,0.0,1.0
1,0.473284415129,1.0,2.0
1,0.506048235853,1.0,2.0
1,0.662395560095,1.0,2.0
1,0.881082756343,1.0,1.0
1,0.449263316725,0.0,1.0
1,0.671011999759,1.0,2.0
1,0.761728853424,1.0,1.0
1,0.572104013918,1.0,2.0
1,0.466072667725,1.0,1.0
1,0.54959883602,1.0,1.0
1,0.779081781177,1.0,1.0
1,0.682091672163,1.0,2.0
1,0.529497716867,1.0,2.0
1,0.578476870462,1.0,2.0
1,0.646170231426,1.0,1.0
1,0.619998710026,1.0,2.0
1,0.532085480299,1.0,1.0
1,0.437257274854,1.0,1.0
1,0.884336635267,1.0,1.0
1,0.6393259943,1.0,2.0
1,0.734862674755,1.0,1.0
1,0.663459398798,1.0,2.0
1,0.529109545809,1.0,2.0
1,0.480354364918,1.0,1.0
1,0.469996886066,1.0,2.0
1,0.497200572805,1.0,1.0
1,0.457124989509,1.0,1.0
1,0.656471095746,1.0,1.0
1,0.496444576274,1.0,1.0
1,0.629468239451,1.0,2.0
1,0.546188420223,1.0,2.0
1,0.632876393298,0.0,1.0
1,0.583526183487,1.0,2.0
1,1.10902743145,0.0,2.0
1,0.587594924102,1.0,2.0
1,0.722592010978,1.0,2.0
1,1.04752195039,1.0,1.0
1,0.521996691241,1.0,2.0
1,0.808816391684,1.0,1.0
1,0.640628571418,1.0,2.0
1,0.743674575337,1.0,1.0
1,0.554097240049,1.0,1.0
1,0.571162596738,1.0,2.0
1,0.702843217136,1.0,1.0
1,0.710009644987,1.0,1.0
1,0.664050950989,1.0,1.0
1,0.576191672153,1.0,1.0
1,1.11130857983,1.0,2.0
1,0.675796385243,1.0,1.0
1,0.624893487315,1.0,2.0
1,0.581853842916,1.0,2.0
1,1.21695200978,1.0,2.0
1,0.634629045424,1.0,2.0
1,0.730357944019,1.0,2.0
1,0.502157610841,1.0,1.0
1,0.500808151002,1.0,1.0
1,0.560299546836,1.0,1.0
1,0.789859986806,1.0,1.0
1,0.766893930951,1.0,1.0
1,1.03919642689,1.0,2.0
1,0.801654415729,1.0,2.0
1,1.03262230156,1.0,2.0
1,0.703562017588,1.0,1.0
1,0.607191276169,1.0,1.0
1,0.750341939158,1.0,2.0
1,0.675039650028,1.0,2.0
1,0.60684692506,1.0,1.0
1,0.562329465407,1.0,1.0
1,0.782217129658,1.0,2.0
1,0.649211855765,1.0,2.0
1,0.521428706605,1.0,1.0
1,0.598370894586,1.0,1.0
1,0.914944737917,1.0,2.0
1,0.689402465956,1.0,1.0
1,0.720617366474,1.0,1.0
1,0.568268227449,1.0,1.0
1,0.696672373728,1.0,2.0
1,0.686804955898,1.0,1.0
1,0.73735101099,1.0,2.0
1,0.837659290817,1.0,1.0
1,0.575753050944,1.0,1.0
1,1.10409974201,1.0,1.0
1,0.672548734205,1.0,2.0
1,0.707952924946,1.0,1.0
1,0.565771431749,1.0,1.0
1,0.683038084055,1.0,2.0
1,0.711487751425,1.0,2.0
1,0.752779261602,1.0,2.0
1,0.562166676667,1.0,2.0
1,1.09850527989,1.0,2.0
1,0.679803329942,1.0,2.0
1,0.609337880072,1.0,1.0
1,0.608269016622,1.0,1.0
1,0.60747534968,1.0,2.0
1,1.07521803564,1.0,2.0
1,0.504437964424,1.0,1.0
1,0.648619016793,1.0,2.0
1,0.737464570702,1.0,1.0
1,0.531853596927,1.0,1.0
1,0.617419571616,1.0,1.0
1,0.580617681655,1.0,1.0
1,0.603845901918,1.0,2.0
1,0.808888627405,1.0,1.0
1,0.489613568905,1.0,2.0
1,0.534829261422,1.0,1.0
1,0.520364147538,1.0,2.0
1,0.649762023939,0.0,1.0
1,0.623638117235,1.0,1.0
1,0.62791190976,1.0,1.0
1,0.548343339964,1.0,2.0
1,0.724093883298,1.0,2.0
1,0.600825163492,1.0,1.0
1,0.761496361243,1.0,1.0
1,1.08855376492,1.0,2.0
1,1.34919777687,1.0,2.0
1,0.488456266874,1.0,1.0
1,0.847942527151,1.0,1.0
1,1.28461937961,1.0,2.0
1,0.677850794993,1.0,2.0
1,0.564828070623,1.0,2.0
1,1.1262139109,1.0,1.0
1,0.559953704927,1.0,1.0
1,0.481523780341,1.0,1.0
1,0.882897516058,1.0,2.0
1,0.7223240147,1.0,2.0
1,0.617911237772,1.0,1.0
1,0.426578238432,1.0,1.0
1,0.63072640264,1.0,1.0
1,0.955709722635,1.0,1.0
1,1.02899563209,1.0,2.0
1,0.62332411352,1.0,2.0
1,0.531453014934,0.0,1.0
1,1.06780857383,1.0,2.0
1,0.67229060737,1.0,1.0
1,0.567928808247,1.0,2.0
1,0.628334448484,1.0,1.0
1,0.71515092098,1.0,2.0
1,0.672339074401,1.0,1.0
1,0.914247762223,1.0,1.0
1,0.852295125282,1.0,2.0
1,0.494826342299,1.0,1.0
1,1.03120883464,1.0,2.0
1,0.595196307244,1.0,2.0
1,0.775429312591,1.0,2.0
1,0.812185303119,1.0,1.0
1,0.625638582409,1.0,2.0
1,0.568863736728,1.0,2.0
1,0.939338393233,1.0,1.0
1,0.580431676193,1.0,1.0
1,0.510902342779,1.0,1.0
1,0.698624203505,0.0,1.0
1,0.934121101585,1.0,2.0
1,0.50281831481,1.0,1.0
1,0.793762095593,1.0,1.0
1,0.561328739423,1.0,1.0
1,0.578177965624,1.0,1.0
1,0.80897234373,1.0,2.0
1,0.722517537652,1.0,1.0
1,0.616452924936,1.0,2.0
1,0.648853968916,1.0,2.0
1,0.627536779255,1.0,1.0
1,0.641551340974,1.0,2.0
1,0.642596334073,1.0,2.0
1,0.999411732933,1.0,2.0
1,0.535553797745,1.0,1.0
1,0.611357415677,1.0,2.0
1,0.770359281625,1.0,2.0
1,0.634720636415,1.0,1.0
1,0.608699984819,1.0,2.0
1,0.547248071045,1.0,2.0
1,0.578021314403,1.0,2.0
1,0.631209767802,1.0,2.0
1,0.537636323264,1.0,2.0
1,1.01267654047,1.0,1.0
1,0.544160868783,1.0,1.0
1,0.581279918391,1.0,1.0
1,0.587410505788,1.0,1.0
1,0.948354790904,1.0,1.0
1,1.47765666887,1.0,2.0
1,0.660664858689,1.0,1.0
1,0.759404664728,1.0,1.0
1,0.528309143818,1.0,1.0
1,0.737675319659,1.0,1.0
1,0.678921815561,1.0,1.0
1,0.506833974156,1.0,2.0
1,0.677985600283,1.0,1.0
1,0.519211600593,1.0,2.0
1,0.561619028798,1.0,1.0
1,0.426095172908,1.0,2.0
1,0.45899659807,1.0,2.0
1,0.579284631487,1.0,1.0
1,0.552401497145,1.0,2.0
1,0.93700972863,1.0,1.0
1,0.47985356093,1.0,2.0
1,0.597387400252,1.0,2.0
1,0.439265068693,1.0,1.0
1,0.80148836624,1.0,2.0
1,0.664707569027,1.0,1.0
1,0.528168383462,1.0,2.0
1,0.56044092236,0.0,1.0
1,0.936289959369,1.0,2.0
1,0.643554758077,1.0,2.0
1,0.787952573766,1.0,2.0
1,0.550893259307,1.0,1.0
1,0.70534118035,1.0,2.0
1,0.724404251087,1.0,2.0
1,0.520482567532,1.0,2.0
1,0.827884499478,1.0,1.0
1,0.748129210246,1.0,2.0
1,0.638657856849,1.0,2.0
1,0.655562701926,1.0,2.0
1,0.543605663886,1.0,2.0
2,0.534851262106,1.0,1.0
2,0.488009870966,1.0,2.0
2,0.48525859686,0.0,1.0
2,0.554298441074,1.0,2.0
2,0.522451271635,1.0,1.0
2,0.90007456271,1.0,1.0
2,0.554961548832,0.0,2.0
2,0.512277140568,1.0,2.0
2,0.419919007821,1.0,2.0
2,0.531012969055,1.0,2.0
2,0.447193775941,1.0,2.0
2,0.481052369272,1.0,1.0
2,0.692490340444,1.0,1.0
2,0.459186556244,1.0,2.0
2,0.438290666912,1.0,2.0
2,0.482826726572,0.0,2.0
2,0.880039533275,0.0,2.0
2,0.464757608987,1.0,2.0
2,0.505896128625,1.0,1.0
2,0.582764473981,1.0,2.0
2,0.503341877841,1.0,2.0
2,0.531907554635,1.0,1.0
2,0.492377181862,1.0,1.0
2,0.424729996541,1.0,2.0
2,0.480112217297,1.0,2.0
2,0.462903650083,1.0,1.0
2,0.582746777325,0.0,2.0
2,0.481229580781,1.0,1.0
2,0.405147594023,1.0,2.0
2,0.489371848971,1.0,1.0
2,0.51948215158,1.0,2.0
2,0.448199513652,1.0,1.0
2,0.631109766143,1.0,1.0
2,1.36752581917,1.0,2.0
2,0.549788613519,1.0,2.0
2,0.504882750162,1.0,1.0
2,0.516492182074,1.0,1.0
2,0.52829555263,1.0,1.0
2,0.60427135274,1.0,1.0
2,0.502556620055,1.0,1.0
2,0.95338767294,1.0,2.0
2,0.753639104103,1.0,2.0
2,0.542845955685,1.0,2.0
2,0.480797410848,0.0,1.0
2,0.555813861987,1.0,2.0
2,0.49670388514,1.0,1.0
2,0.536086224482,1.0,1.0
2,0.547000121764,1.0,2.0
2,0.486876391634,1.0,2.0
2,0.503166457492,1.0,1.0
2,0.468570242751,1.0,2.0
2,0.478417386425,1.0,1.0
2,0.535922626846,1.0,2.0
2,0.503811640243,1.0,2.0
2,0.623508584507,1.0,1.0
2,0.47043889234,1.0,1.0
2,0.511708301098,1.0,1.0
2,0.457941171966,1.0,2.0
2,0.708256452057,1.0,1.0
2,0.51654187043,1.0,1.0
2,0.452201529986,1.0,1.0
2,0.650566493845,1.0,2.0
2,0.504199518593,1.0,2.0
2,0.545841967487,1.0,2.0
2,0.409123447426,1.0,1.0
2,0.425687020357,1.0,2.0
2,0.497657348166,1.0,2.0
2,0.435688821399,1.0,2.0
2,0.532307504871,1.0,1.0
2,0.611650731287,1.0,1.0
2,0.507399054479,1.0,1.0
2,0.663818554296,1.0,2.0
2,0.402466678078,1.0,1.0
2,0.826368709236,1.0,2.0
2,0.486023052842,1.0,2.0
2,0.581343687707,1.0,2.0
2,0.474700685405,0.0,1.0
2,1.34864753967,1.0,1.0
2,0.437244936754,1.0,1.0
2,0.527238326933,1.0,1.0
2,0.443422049793,1.0,1.0
2,0.534536007073,1.0,1.0
2,0.613228860434,1.0,2.0
2,0.732169238996,1.0,2.0
2,0.453192306661,1.0,1.0
2,0.58581605726,1.0,1.0
2,0.549211241777,1.0,2.0
2,0.656171104272,1.0,1.0
2,0.570358819917,0.0,2.0
2,0.551019816755,1.0,2.0
2,0.554157535223,1.0,1.0
2,0.497261753889,1.0,2.0
2,0.473053913728,1.0,1.0
2,0.469132149462,1.0,2.0
2,0.695983090748,1.0,1.0
2,0.65145168669,1.0,1.0
2,0.448145970156,1.0,1.0
2,0.422646998969,1.0,1.0
2,0.47413886234,1.0,2.0
2,0.455925004941,1.0,2.0
2,0.650718550767,1.0,1.0
2,0.885045744981,1.0,2.0
2,0.45517856679,1.0,1.0
2,0.640396577915,1.0,1.0
2,0.512514306336,1.0,2.0
2,0.531804511957,1.0,2.0
2,0.531117770068,1.0,2.0
2,0.488268771705,1.0,1.0
2,0.449624206243,1.0,2.0
2,0.598546434622,1.0,1.0
2,0.663769117938,1.0,2.0
2,0.443531788407,1.0,1.0
2,0.594459801084,1.0,2.0
2,0.514220120281,1.0,2.0
2,0.561525286233,1.0,1.0
2,0.4649792889,1.0,2.0
2,0.616017163368,1.0,1.0
2,0.472869283466,1.0,1.0
2,0.5129962158,1.0,2.0
2,0.62354333018,1.0,1.0
2,0.484073980009,0.0,2.0
2,0.645789983976,1.0,2.0
2,0.448457928395,1.0,1.0
2,0.44933652695,1.0,2.0
2,0.449052126804,1.0,1.0
2,0.619731113236,1.0,2.0
2,0.402499692944,1.0,2.0
2,0.501149144126,0.0,2.0
2,0.849238637165,1.0,1.0
2,0.486154640427,1.0,2.0
2,0.496049987294,1.0,2.0
2,0.66964561263,1.0,1.0
2,0.43474942224,1.0,2.0
2,0.549585860604,1.0,1.0
2,0.554178187382,1.0,1.0
2,0.484187720939,1.0,1.0
2,0.49260516454,1.0,1.0
2,0.547269057232,1.0,1.0
2,0.612547008852,1.0,2.0
2,0.85286731619,1.0,2.0
2,0.581677959384,1.0,1.0
2,0.614821482269,1.0,2.0
2,0.496052687269,1.0,2.0
2,0.500737473177,1.0,2.0
2,0.543272431672,1.0,2.0
2,0.808387760821,1.0,2.0
2,0.677563848929,1.0,2.0
2,0.624844205114,1.0,2.0
2,0.448606792642,1.0,1.0
2,0.596807296991,1.0,1.0
2,0.660969757108,1.0,1.0
2,0.495711326482,1.0,1.0
2,0.719349426829,1.0,2.0
2,0.683621409917,1.0,1.0
2,0.505127767033,1.0,2.0
2,0.639259699438,0.0,2.0
2,0.480079715602,1.0,2.0
2,0.505704820425,1.0,2.0
2,0.590931588291,1.0,2.0
2,0.438087637999,1.0,1.0
2,0.407573934834,1.0,1.0
2,0.503911221306,1.0,2.0
2,0.416375195175,1.0,1.0
2,0.53345681523,1.0,1.0
2,0.542828475026,1.0,2.0
2,0.453011867183,1.0,1.0
2,0.553814770449,1.0,1.0
2,0.56207740386,1.0,1.0
2,0.777716532315,1.0,2.0
2,0.551602018451,1.0,2.0
2,0.471938446226,1.0,1.0
2,0.545829436782,1.0,2.0
2,0.52841666149,1.0,2.0
2,0.686520579807,1.0,2.0
2,0.507193379239,1.0,2.0
2,0.438376232106,1.0,2.0
2,0.468097732374,1.0,2.0
2,0.534454159019,1.0,1.0
2,0.489685826369,1.0,1.0
2,0.411274490358,1.0,1.0
2,0.524345597806,0.0,1.0
2,0.546128065971,1.0,2.0
2,0.555850842462,1.0,1.0
2,0.678830751828,1.0,1.0
2,0.442362108592,1.0,2.0
2,0.467065270915,1.0,2.0
2,0.456996558856,1.0,2.0
2,0.511188270816,1.0,1.0
2,0.516327639269,1.0,1.0
2,0.659461767301,1.0,1.0
2,0.418288427169,1.0,1.0
2,0.496367654304,0.0,2.0
2,0.602601862453,1.0,1.0
2,0.683272981196,1.0,1.0
2,0.581010930486,1.0,1.0
2,0.547017035605,1.0,2.0
2,0.671557752279,1.0,2.0
2,0.590856223001,1.0,2.0
2,0.422444368876,1.0,2.0
2,0.515954937953,1.0,2.0
2,1.18763258711,1.0,1.0
2,0.512727253155,1.0,1.0
2,0.535521755794,1.0,2.0
2,0.55318565237,1.0,1.0
2,0.520342546659,1.0,2.0
2,0.410411398128,1.0,2.0
2,0.538421579326,1.0,1.0
2,0.425192235014,1.0,2.0
2,0.53338196911,1.0,1.0
2,0.517585635429,1.0,1.0
2,0.412639441158,1.0,1.0
2,0.689952004334,1.0,2.0
2,0.499192208544,1.0,2.0
2,0.454361458481,1.0,1.0
2,0.436645956391,1.0,2.0
2,0.575631102296,1.0,1.0
2,0.471786902476,1.0,1.0
2,0.495649425065,1.0,2.0
2,0.481315400796,1.0,1.0
2,0.437070767216,1.0,1.0
2,0.433255940296,1.0,2.0
2,0.743727992207,1.0,1.0
2,0.520885511549,1.0,1.0
2,0.559881043355,0.0,1.0
2,0.469259891436,1.0,1.0
2,0.427856723113,1.0,1.0
2,0.527829867366,1.0,2.0
2,0.519003185264,1.0,1.0
2,0.560155823122,1.0,2.0
2,0.630001330575,1.0,1.0
2,0.529168700413,1.0,1.0
2,0.399604267019,1.0,2.0
2,0.502329753367,1.0,1.0
2,0.417109660261,1.0,2.0
2,0.437550027882,1.0,2.0
2,0.459048011548,0.0,1.0
2,0.548237850115,1.0,1.0
2,0.603682539106,1.0,2.0
2,0.920953457379,1.0,1.0
2,0.526976057049,1.0,2.0
2,0.492081795818,1.0,1.0
2,0.441733728506,1.0,2.0
2,0.480889155984,1.0,2.0
2,0.462499829884,1.0,2.0
2,0.641938959046,1.0,2.0
2,0.472475099175,1.0,1.0
2,0.444206722407,1.0,2.0
2,0.441505349831,1.0,2.0
2,0.435291961135,1.0,2.0
2,0.435291025143,1.0,2.0
2,0.441722349789,1.0,2.0
2,0.644980186422,1.0,2.0
2,0.538659588263,1.0,1.0
2,0.596638377404,1.0,1.0
2,0.410364451746,1.0,1.0
2,0.578080780416,1.0,2.0
2,0.468430081246,1.0,2.0
2,0.490227984089,1.0,2.0
2,0.48710699664,0.0,2.0
2,0.521192417837,1.0,2.0
2,0.403229891718,1.0,2.0
2,0.487182334754,1.0,1.0
2,0.550271482974,1.0,2.0
2,0.741574864472,1.0,1.0
2,0.452363966457,1.0,2.0
2,0.54363237146,1.0,1.0
2,0.50557437283,1.0,1.0
2,0.478308979445,1.0,1.0
2,0.726861442951,1.0,1.0
2,0.834252872208,1.0,2.0
2,0.478514309159,1.0,1.0
2,0.518400514937,1.0,1.0
2,0.499918564884,1.0,2.0
2,0.512477346683,1.0,1.0
2,0.47988203264,1.0,2.0
2,0.459571080625,1.0,2.0
2,0.882146836618,1.0,2.0
2,0.450403325733,1.0,2.0
2,0.4410756067,1.0,1.0
2,0.53465946191,1.0,1.0
2,0.554816722195,1.0,2.0
2,0.465592281955,1.0,1.0
2,0.538950216352,1.0,1.0
2,0.459525631053,1.0,2.0
2,0.488055026542,1.0,1.0
2,0.432191970311,1.0,1.0
2,0.55177326284,1.0,1.0
2,0.949989148925,1.0,2.0
2,0.566125589759,1.0,1.0
2,0.5701930263,1.0,1.0
2,0.618979224313,1.0,2.0
2,0.466947168027,1.0,2.0
2,0.552935707075,1.0,2.0
2,0.440218718765,1.0,1.0
2,0.627260883192,1.0,1.0
2,0.516047529082,1.0,2.0
2,0.642077228096,1.0,1.0
2,0.469180629007,1.0,2.0
2,0.433419867931,0.0,1.0
2,0.488743991233,1.0,1.0
2,0.449412075416,1.0,2.0
2,0.482651123401,0.0,2.0
2,0.51570391514,1.0,1.0
2,0.533668709236,1.0,1.0
2,0.583963607873,1.0,2.0
2,0.417512658469,1.0,2.0
2,0.464456546645,0.0,1.0
2,0.458825539642,1.0,1.0
2,0.489075962108,1.0,1.0
2,0.411229973601,1.0,1.0
2,0.390187070475,1.0,1.0
2,0.742415039388,1.0,2.0
2,0.579648556484,1.0,1.0
2,0.538776311164,1.0,1.0
2,0.817161837889,1.0,2.0
2,0.520791336435,1.0,2.0
2,0.57528351639,1.0,1.0
2,0.451721198506,1.0,2.0
2,0.611273109665,1.0,1.0
2,0.519425107294,1.0,1.0
2,0.432622856255,1.0,1.0
2,0.455167800068,1.0,1.0
2,0.596145077223,1.0,1.0
2,0.475239861154,1.0,1.0
2,0.652239485275,1.0,2.0
2,0.996041463492,1.0,2.0
2,0.625113437403,1.0,1.0
2,0.49763669636,1.0,2.0
2,0.568249602945,1.0,1.0
2,0.71353034842,1.0,1.0
2,0.56991164095,1.0,2.0
2,0.64642033522,1.0,2.0
2,0.657040700088,1.0,2.0
2,0.458613123642,1.0,1.0
2,0.463482194991,1.0,2.0
2,0.436866187495,1.0,1.0
2,0.457092327131,1.0,2.0
2,0.481638936104,1.0,2.0
2,0.448693693001,1.0,1.0
2,0.449856998051,1.0,2.0
2,0.527916377376,1.0,2.0
2,0.581414715039,1.0,1.0
2,0.533626025637,1.0,1.0
2,0.471730632183,1.0,1.0
2,0.469880096422,1.0,2.0
2,0.377904802425,1.0,1.0
2,0.405934159443,1.0,1.0
2,0.591932928043,1.0,2.0
2,0.385156838171,1.0,2.0
2,0.519796776619,1.0,2.0
2,0.503637893879,1.0,2.0
2,0.440768226769,1.0,1.0
2,0.487868836293,1.0,2.0
2,0.510515983144,1.0,1.0
2,0.487410764605,1.0,1.0
2,0.406632591694,1.0,2.0
2,0.456180536537,1.0,2.0
2,0.411328042677,0.0,1.0
2,0.546508222394,1.0,1.0
2,0.40246614726,1.0,2.0
3,0.712670142517,1.0,2.0
3,0.666384589322,1.0,1.0
3,0.677003595025,1.0,1.0
3,0.640336260482,1.0,1.0
3,0.894214099867,1.0,2.0
3,0.667975725994,1.0,1.0
3,0.96555396561,1.0,2.0
3,0.835209092385,1.0,2.0
3,0.688542626423,1.0,1.0
3,0.616904143843,1.0,1.0
3,0.785464112219,1.0,2.0
3,0.667007410283,1.0,2.0
3,0.651239123515,1.0,2.0
3,0.789928394556,1.0,2.0
3,0.660823682483,1.0,2.0
3,0.581039226572,1.0,1.0
3,0.949666853136,1.0,2.0
3,0.702909611204,1.0,1.0
3,0.614473959539,1.0,1.0
3,0.706837960231,1.0,1.0
3,0.707644334641,1.0,1.0
3,0.661489775391,1.0,1.0
3,0.743125711875,1.0,2.0
3,0.561449959765,1.0,1.0
3,0.679394158878,1.0,2.0
3,0.617492669481,1.0,1.0
3,0.565457016051,1.0,1.0
3,0.630431709348,1.0,2.0
3,1.01982520365,1.0,2.0
3,0.677916012791,1.0,2.0
3,0.660693828529,1.0,1.0
3,0.632936736948,1.0,1.0
3,0.741567076545,1.0,2.0
3,0.636097123203,1.0,1.0
3,0.612081308058,1.0,1.0
3,0.983762822232,1.0,2.0
3,0.707310122963,1.0,2.0
3,0.955502665034,1.0,2.0
3,0.667337056004,1.0,1.0
3,0.550077723621,1.0,2.0
3,0.752475372702,1.0,2.0
3,0.695270918274,1.0,2.0
3,0.655471081684,1.0,1.0
3,0.607393303358,1.0,1.0
3,0.617462798586,1.0,2.0
3,0.792816221377,1.0,1.0
3,0.568202572212,1.0,1.0
3,0.56731761054,1.0,1.0
3,0.756017328543,1.0,2.0
3,0.682556674761,1.0,2.0
3,0.624341094672,1.0,1.0
3,0.754202381625,1.0,2.0
3,0.659459715321,1.0,2.0
3,0.709155744769,1.0,2.0
3,0.752996414151,1.0,2.0
3,0.713721185801,1.0,1.0
3,0.652155018071,1.0,1.0
3,0.504418777353,1.0,1.0
3,0.579322225556,1.0,2.0
3,0.566182274402,1.0,1.0
3,0.614924642474,0.0,2.0
3,0.740874917059,1.0,1.0
3,0.569929349959,1.0,1.0
3,0.807066807253,1.0,1.0
3,0.629388715518,1.0,1.0
3,0.708362867055,1.0,1.0
3,0.620887461177,1.0,1.0
3,0.58375515501,1.0,2.0
3,0.693217188779,1.0,1.0
3,0.691457536987,1.0,1.0
3,0.761207603693,1.0,1.0
3,0.583108342745,1.0,1.0
3,0.614001173165,1.0,2.0
3,0.5310586798,1.0,1.0
3,1.04635603594,1.0,2.0
3,0.803922833667,1.0,2.0
3,0.820160771663,1.0,2.0
3,0.587621029449,1.0,2.0
3,0.70639040962,1.0,2.0
3,0.516456320411,1.0,1.0
3,0.665440605853,1.0,1.0
3,0.550652938207,1.0,2.0
3,0.762680031836,1.0,1.0
3,0.54507728386,1.0,1.0
3,0.606760735311,1.0,2.0
3,0.822695654982,1.0,2.0
3,0.599202366448,1.0,2.0
3,0.654685254256,1.0,2.0
3,0.524183197334,1.0,1.0
3,0.534050947638,1.0,1.0
3,0.646874905766,1.0,2.0
3,0.640937847644,1.0,1.0
3,0.575312493294,1.0,1.0
3,0.615330409832,1.0,2.0
3,0.593335918486,1.0,2.0
3,0.762826868453,0.0,2.0
3,0.60386089378,1.0,1.0
3,0.625167770068,1.0,1.0
3,0.625284747791,1.0,2.0
3,0.728912601646,1.0,1.0
3,0.660484112856,1.0,1.0
3,0.932739920096,1.0,2.0
3,0.742617147485,1.0,1.0
3,0.961952580328,1.0,2.0
3,0.64788387427,1.0,1.0
3,0.803746903323,1.0,2.0
3,0.636055159598,1.0,2.0
3,0.617675931402,1.0,2.0
3,0.643112937995,1.0,2.0
3,0.744645239574,1.0,2.0
3,0.887722046969,1.0,1.0
3,0.633814117514,1.0,1.0
3,0.681355669241,1.0,1.0
3,0.597713138464,1.0,2.0
3,0.614837040474,1.0,2.0
3,0.599570939803,1.0,2.0
3,0.596983968504,1.0,2.0
3,0.693196398975,1.0,1.0
3,0.734358450391,1.0,2.0
3,0.671005688652,1.0,1.0
3,0.600002161745,1.0,1.0
3,0.896936592244,1.0,1.0
3,0.649992791597,1.0,2.0
3,0.596296167801,0.0,2.0
3,0.715264593275,1.0,2.0
3,0.805386967064,1.0,2.0
3,0.862972675905,1.0,1.0
3,0.74070630347,1.0,2.0
3,0.680416870076,1.0,2.0
3,0.869252216802,1.0,1.0
3,1.44091214247,1.0,2.0
3,1.00848091841,1.0,2.0
3,0.641583132395,1.0,1.0
3,0.530635434608,1.0,1.0
3,0.623998549072,1.0,2.0
3,0.760542431954,1.0,2.0
3,1.25905401926,1.0,2.0
3,0.647171191801,1.0,2.0
3,1.93831767301,0.0,2.0
3,0.736501069048,1.0,1.0
3,0.644400400231,1.0,1.0
3,0.626164195866,1.0,1.0
3,1.01972924972,1.0,2.0
3,0.723592148544,1.0,2.0
3,0.644911466245,1.0,1.0
3,0.658158591566,1.0,2.0
3,0.862214895036,1.0,2.0
3,0.764028635966,1.0,2.0
3,0.742543207358,1.0,2.0
3,0.6914192697,1.0,1.0
3,0.788409085679,1.0,1.0
3,0.56267690304,1.0,1.0
3,0.853136323305,1.0,2.0
3,0.614665922086,1.0,1.0
3,0.541772019793,1.0,1.0
3,0.867037157651,1.0,1.0
3,0.626720912626,1.0,1.0
3,0.571380505477,1.0,1.0
3,0.568097024027,1.0,1.0
3,0.794556414999,1.0,2.0
3,0.586167099133,1.0,1.0
3,0.713461927888,1.0,2.0
3,0.625821833089,1.0,2.0
3,0.712373130488,1.0,1.0
3,0.642708847799,1.0,2.0
3,0.63552168062,1.0,1.0
3,0.859076348575,1.0,2.0
3,0.571415253974,1.0,2.0
3,0.619308696389,1.0,1.0
3,0.696889346217,1.0,2.0
3,0.898252292684,1.0,2.0
3,0.810147229085,1.0,2.0
3,0.664017488423,1.0,2.0
3,0.633782822162,1.0,1.0
3,0.6088100312,1.0,1.0
3,0.616579054903,1.0,1.0
3,0.596963175522,1.0,1.0
3,0.682396347446,1.0,1.0
3,0.884536259777,1.0,2.0
3,0.642406228648,1.0,1.0
3,0.793522429553,1.0,2.0
3,0.798039280218,1.0,2.0
3,0.568392473599,1.0,1.0
3,0.517965063034,1.0,2.0
3,0.624397419318,1.0,2.0
3,0.663935214374,1.0,1.0
3,0.565790273738,1.0,2.0
3,0.643780372066,1.0,1.0
3,0.518106529704,1.0,2.0
3,0.869899739532,1.0,2.0
3,0.516625050823,1.0,1.0
3,0.539215755852,1.0,1.0
3,0.535319857696,1.0,1.0
3,0.608571641443,1.0,1.0
3,0.77212510094,1.0,2.0
3,0.61381054296,1.0,2.0
3,0.675975927873,1.0,2.0
3,0.560799893059,1.0,2.0
3,0.582822280614,1.0,1.0
3,0.713014104455,1.0,1.0
3,0.607055716535,1.0,2.0
3,0.646383234392,1.0,2.0
3,0.814767269602,1.0,1.0
3,0.597350579877,1.0,2.0
3,0.759168582884,1.0,1.0
3,0.754362730116,1.0,2.0
3,0.629788956574,1.0,1.0
3,0.616967533247,1.0,1.0
3,0.834680332186,1.0,2.0
3,0.715538010701,1.0,2.0
3,0.691166557726,1.0,1.0
3,0.622664107632,1.0,2.0
3,0.755664219866,1.0,2.0
3,0.612015807028,1.0,2.0
3,0.815129600192,1.0,1.0
3,0.611919606757,1.0,1.0
3,0.695403970198,1.0,1.0
3,0.769781786995,1.0,2.0
3,0.681934249796,1.0,1.0
3,0.631419870048,1.0,2.0
3,0.551676660925,0.0,2.0
3,0.745125945873,1.0,1.0
3,0.64382124333,1.0,1.0
3,0.73905432737,1.0,2.0
3,0.571579415252,1.0,1.0
3,0.655989887978,1.0,1.0
3,0.586324135656,1.0,1.0
3,0.672057829926,1.0,1.0
3,0.5584737926,1.0,2.0
3,0.602013150818,1.0,1.0
3,0.784285894485,1.0,2.0
3,0.686767888302,1.0,1.0
3,0.548408995681,1.0,1.0
3,0.850269982283,1.0,1.0
3,0.568716944194,1.0,1.0
3,0.666272282378,1.0,1.0
3,0.669531094532,1.0,2.0
3,0.727744310642,1.0,1.0
3,0.612184435441,1.0,2.0
3,1.25343800011,1.0,2.0
3,0.554199991177,1.0,2.0
3,0.589000377643,1.0,1.0
3,0.688048519426,1.0,1.0
3,0.706998335898,1.0,2.0
3,0.880101134695,1.0,2.0
3,0.996095456983,1.0,2.0
3,0.763714575274,1.0,2.0
3,0.608423133664,1.0,1.0
3,0.662278956786,1.0,1.0
3,0.689728176441,1.0,2.0
3,0.715101931629,1.0,1.0
3,0.697070676159,1.0,2.0
3,0.638637940114,1.0,1.0
3,0.592974715885,1.0,1.0
3,0.704371287799,1.0,2.0
3,0.579074400712,1.0,1.0
3,0.606502131744,1.0,1.0
3,0.583229196784,1.0,1.0
3,0.676394369935,1.0,2.0
3,0.690172076263,1.0,2.0
3,0.742788893045,1.0,1.0
3,0.534168759353,1.0,2.0
3,0.880374219301,1.0,2.0
3,0.584894931106,1.0,1.0
3,0.536154137843,1.0,1.0
3,0.582210073199,1.0,2.0
3,0.643331684289,1.0,2.0
3,0.576779467488,1.0,1.0
3,0.490869654051,1.0,1.0
3,0.582788161759,1.0,2.0
3,0.616257803103,1.0,2.0
3,0.794220192986,1.0,1.0
3,0.561843736059,1.0,1.0
3,0.533616116554,1.0,2.0
3,0.552815084211,1.0,2.0
3,0.46405254927,1.0,2.0
3,0.687012905172,1.0,1.0
3,0.638920435808,1.0,1.0
3,0.661239580569,1.0,1.0
3,0.703073940834,1.0,2.0
3,0.629862380707,1.0,1.0
3,0.614577956913,1.0,2.0
3,0.566246320623,1.0,2.0
3,0.651143088771,1.0,1.0
3,0.579408891564,1.0,1.0
3,0.664982528165,1.0,2.0
3,0.622797915548,1.0,2.0
3,0.603153059265,1.0,2.0
3,0.56141859206,1.0,2.0
3,0.541109650379,1.0,2.0
3,0.79214228972,1.0,1.0
3,0.855650899992,1.0,2.0
3,0.610080996061,1.0,1.0
3,0.618615663735,1.0,2.0
3,0.576306957111,1.0,1.0
3,0.579517565717,1.0,1.0
3,0.550833086865,1.0,1.0
3,0.583998983539,1.0,1.0
3,0.603648342604,1.0,1.0
3,0.645530684417,1.0,1.0
3,0.820139784214,1.0,2.0
3,0.839336636362,1.0,2.0
3,0.819987556471,1.0,2.0
3,0.564192111134,1.0,2.0
3,0.523812170003,1.0,2.0
3,0.461631257235,1.0,1.0
3,0.519277472683,1.0,1.0
3,0.466041077731,1.0,1.0
3,0.97523056936,1.0,2.0
3,0.738176328458,1.0,1.0
3,0.542486394245,1.0,1.0
3,0.651226154812,1.0,1.0
3,0.7055025408,1.0,1.0
3,0.551403579142,1.0,2.0
3,0.855714163396,1.0,2.0
3,0.952800527642,1.0,2.0
3,0.578315593853,1.0,2.0
3,1.02911713902,1.0,2.0
3,0.645321625561,1.0,2.0
3,0.58071794442,1.0,1.0
3,0.592997896843,1.0,2.0
3,0.570537147415,1.0,2.0
3,0.599100847404,1.0,1.0
3,0.46765664935,1.0,1.0
3,0.809056157354,1.0,2.0
3,0.497807337931,1.0,2.0
3,0.576017561834,1.0,1.0
3,0.783171572973,1.0,1.0
3,0.774253481733,1.0,1.0
3,0.714812512353,1.0,2.0
3,0.692662775645,1.0,2.0
3,0.532648328839,1.0,1.0
3,0.529037448824,1.0,1.0
3,0.599430202305,1.0,1.0
3,0.563821617443,1.0,1.0
3,0.595289098103,1.0,1.0
3,0.675092592188,1.0,2.0
3,0.649657211579,1.0,2.0
3,0.545484953201,1.0,2.0
3,0.771631908405,1.0,1.0
3,0.591416893723,1.0,2.0
3,0.712635166022,1.0,2.0
3,0.645400797639,1.0,2.0
3,0.787512310119,1.0,2.0
3,0.689667193014,1.0,1.0
3,0.619174903648,1.0,1.0
3,0.774004403253,1.0,2.0
3,0.535660078493,1.0,2.0
3,0.667237660939,1.0,2.0
3,0.680775084706,1.0,1.0
3,0.622613924104,1.0,1.0
3,0.485430588065,1.0,1.0
3,0.624625915168,1.0,2.0
3,0.571707355225,1.0,2.0
3,0.511223508484,1.0,1.0
3,0.786207604399,1.0,1.0
3,0.660727842562,1.0,2.0
3,0.650543043242,1.0,1.0
3,0.703995973332,1.0,1.0
3,0.47793151382,1.0,1.0
4,0.81126233659,1.0,1.0
4,0.758519538992,1.0,2.0
4,1.62565774769,1.0,2.0
4,0.67998898728,1.0,1.0
4,0.830977632211,1.0,2.0
4,0.610143719471,1.0,2.0
4,0.871958437332,1.0,2.0
4,0.577781668055,1.0,2.0
4,0.57073674436,1.0,1.0
4,0.704261545656,1.0,2.0
4,0.577062424824,1.0,1.0
4,0.720663471285,1.0,1.0
4,0.688089765861,1.0,1.0
4,0.623106057472,1.0,2.0
4,0.484498574837,1.0,2.0
4,0.532908990386,0.0,1.0
4,1.52415441384,1.0,2.0
4,0.83769201584,1.0,2.0
4,0.518941364669,1.0,1.0
4,0.594257276167,1.0,1.0
4,0.592303724553,1.0,1.0
4,0.583900830463,1.0,1.0
4,0.70601881794,1.0,2.0
4,0.914084124855,1.0,1.0
4,0.626443712059,1.0,1.0
4,0.713362416001,1.0,2.0
4,0.508393173123,0.0,1.0
4,0.694028183146,1.0,2.0
4,0.552901882218,1.0,1.0
4,0.519028619025,1.0,2.0
4,0.460390681735,1.0,2.0
4,0.807671859206,1.0,2.0
4,0.682183793447,1.0,2.0
4,0.599266241847,1.0,1.0
4,0.546951795395,1.0,1.0
4,0.820789406923,0.0,2.0
4,0.93132869173,1.0,2.0
4,1.12527126839,1.0,2.0
4,0.570416218553,1.0,2.0
4,0.569544168408,1.0,1.0
4,0.633484435793,1.0,1.0
4,0.744668705353,1.0,2.0
4,0.689385459666,0.0,2.0
4,0.971364379747,1.0,2.0
4,0.565460448019,1.0,1.0
4,0.816800836463,1.0,2.0
4,0.879276397281,1.0,1.0
4,0.571517865008,1.0,1.0
4,0.630633940622,1.0,2.0
4,0.673616680902,1.0,1.0
4,0.587379141726,1.0,1.0
4,0.523565080329,1.0,2.0
4,0.484941515021,1.0,2.0
4,0.613419307465,1.0,1.0
4,0.50355269468,1.0,2.0
4,0.412554311136,1.0,2.0
4,0.570890318915,1.0,2.0
4,0.473027925149,1.0,1.0
4,0.602758104159,1.0,1.0
4,0.82095759134,1.0,1.0
4,0.772036133777,1.0,1.0
4,0.472999032244,1.0,2.0
4,0.351227193509,1.0,1.0
4,0.401602881385,1.0,1.0
4,0.465300414702,1.0,2.0
4,0.656976947511,1.0,1.0
4,0.434607841573,0.0,1.0
4,0.390986676949,1.0,2.0
4,0.357501856453,1.0,1.0
4,0.400257588869,1.0,1.0
4,0.388320656394,0.0,1.0
4,0.528966253494,1.0,1.0
4,0.583382873338,1.0,1.0
4,0.537207757927,1.0,2.0
4,0.538866850312,1.0,1.0
4,0.544112336943,1.0,2.0
4,0.612833590154,1.0,2.0
4,0.555559641204,1.0,1.0
4,0.740250494113,1.0,1.0
4,0.487888966104,1.0,1.0
4,0.661765220445,1.0,2.0
4,0.51847349225,1.0,1.0
4,0.736598598484,1.0,1.0
4,1.00046487704,1.0,2.0
4,0.553038302934,1.0,2.0
4,0.519994237937,1.0,1.0
4,0.511461496245,1.0,2.0
4,0.491358124629,1.0,2.0
4,0.388924661533,1.0,2.0
4,0.592214970212,1.0,2.0
4,0.463012912231,0.0,1.0
4,0.899829413841,0.0,2.0
4,0.786858496273,1.0,1.0
4,0.61634386594,1.0,1.0
4,0.576545139693,1.0,1.0
4,0.707516389022,1.0,2.0
4,0.439961072013,0.0,1.0
4,0.658203894317,1.0,1.0
4,1.06679197561,1.0,2.0
4,0.516354066197,1.0,2.0
4,0.501506644761,1.0,1.0
4,0.63217584211,0.0,2.0
4,0.41716296376,1.0,2.0
4,0.389344012762,1.0,2.0
4,0.399760088729,0.0,2.0
4,0.603180419008,1.0,2.0
4,0.6492194077,0.0,2.0
4,0.549545120987,1.0,2.0
4,0.440231021826,1.0,2.0
4,0.36858903775,1.0,2.0
4,0.371663150818,0.0,1.0
4,1.19560691405,1.0,2.0
4,0.68668691024,1.0,1.0
4,0.461821359446,1.0,1.0
4,0.51347470212,0.0,1.0
4,0.635470126281,1.0,1.0
4,0.710777469506,1.0,2.0
4,0.535347793432,1.0,1.0
4,0.617013405992,1.0,1.0
4,0.585165009741,1.0,1.0
4,0.594653980434,1.0,2.0
4,0.520461069543,1.0,2.0
4,0.61779026068,0.0,2.0
4,0.564284159091,1.0,1.0
4,0.707378759495,1.0,1.0
4,0.67502179603,1.0,1.0
4,0.489584298148,1.0,1.0
4,0.677850181057,1.0,1.0
4,0.648307566282,1.0,2.0
4,0.683595334162,1.0,1.0
4,0.411914543157,1.0,1.0
4,0.524291616314,1.0,1.0
4,0.471766115848,1.0,2.0
4,0.550835150493,1.0,1.0
4,0.553829533486,1.0,2.0
4,0.427232164991,1.0,1.0
4,0.394657253579,1.0,1.0
4,0.506211818477,1.0,2.0
4,0.725875064235,1.0,2.0
4,0.464887423413,1.0,2.0
4,0.736222366025,1.0,1.0
4,0.794222256967,1.0,1.0
4,0.510384428382,1.0,2.0
4,0.773521893794,0.0,2.0
4,0.584113264464,1.0,1.0
4,0.741562372589,1.0,2.0
4,0.631370277691,1.0,1.0
4,0.551387346472,1.0,1.0
4,0.872345418867,1.0,2.0
4,0.577521984499,1.0,1.0
4,1.27498244134,1.0,2.0
4,1.040400096,1.0,2.0
4,1.06100440008,1.0,2.0
4,0.731831706173,1.0,2.0
4,0.591594183231,1.0,2.0
4,0.552940473855,1.0,2.0
4,0.465101945746,1.0,1.0
4,0.634638152936,1.0,2.0
4,0.513682771339,1.0,1.0
4,0.47406842618,1.0,2.0
4,0.466077446566,1.0,2.0
4,0.45685056823,0.0,1.0
4,0.676082696868,0.0,2.0
4,0.463124127185,1.0,1.0
4,0.946993839117,1.0,2.0
4,0.490307750516,0.0,1.0
4,0.682303585143,1.0,2.0
4,0.468983081218,1.0,2.0
4,0.584089501511,1.0,2.0
4,0.601157252873,1.0,1.0
4,0.745530051247,1.0,1.0
4,0.582996842971,1.0,2.0
4,0.603125108352,1.0,1.0
4,0.487903843141,1.0,2.0
4,0.63608866046,1.0,1.0
4,0.679168803823,1.0,2.0
4,0.518480746181,1.0,2.0
4,0.579608536861,1.0,2.0
4,0.618451991275,1.0,2.0
4,0.630343528532,1.0,1.0
4,0.689688849635,1.0,1.0
4,0.59244581204,1.0,2.0
4,0.513300766934,0.0,1.0
4,0.553494058644,1.0,1.0
4,0.575624778355,0.0,1.0
4,0.531286800478,1.0,2.0
4,0.682954612193,1.0,1.0
4,0.522105810062,1.0,2.0
4,0.721789084691,1.0,1.0
4,0.69929079044,1.0,1.0
4,0.600093790058,1.0,1.0
4,0.459442699834,1.0,2.0
4,0.915200702346,1.0,1.0
4,0.692490538441,1.0,1.0
4,0.70815274621,1.0,2.0
4,0.612156496528,1.0,2.0
4,0.697987083534,1.0,1.0
4,0.596111108719,1.0,1.0
4,0.435506941935,1.0,2.0
4,0.414000339526,1.0,1.0
4,0.490344676991,0.0,2.0
4,1.17010404326,1.0,2.0
4,0.601247711198,1.0,2.0
4,0.469278563261,1.0,2.0
4,0.597976185165,1.0,1.0
4,0.602456921817,1.0,2.0
4,0.660711375541,1.0,2.0
4,0.517635996132,1.0,1.0
4,0.468048626013,1.0,1.0
4,0.423329423723,0.0,1.0
4,0.545635146611,1.0,2.0
4,0.543980983002,1.0,1.0
4,0.613915571971,1.0,2.0
4,0.51612208438,1.0,1.0
4,0.473117273131,0.0,2.0
4,0.801840598088,1.0,2.0
4,0.639675234351,1.0,1.0
4,0.669902605034,1.0,2.0
4,0.596401985628,1.0,2.0
4,0.470023120252,1.0,1.0
4,1.13571007496,1.0,2.0
4,0.791727975619,1.0,1.0
4,0.523050156352,1.0,1.0
4,0.374192967361,0.0,1.0
4,0.506756019709,1.0,1.0
4,0.64470262021,1.0,1.0
4,0.565973632013,1.0,2.0
4,0.534391963605,1.0,1.0
4,0.388391788548,1.0,1.0
4,0.523724696826,1.0,2.0
4,0.466655609947,0.0,1.0
4,0.491889413629,1.0,2.0
4,0.768026542339,1.0,2.0
4,0.631471043566,1.0,1.0
4,0.507088230582,0.0,1.0
4,0.503588499168,1.0,2.0
4,0.543797183909,1.0,2.0
4,0.554159428382,0.0,1.0
4,0.459925926109,1.0,2.0
4,0.594851798218,1.0,1.0
4,0.745318745236,1.0,2.0
4,0.478474853884,1.0,1.0
4,1.05707260426,1.0,2.0
4,0.498871826736,1.0,1.0
4,0.672691612785,1.0,2.0
4,0.624893284651,1.0,1.0
4,0.439391443728,0.0,1.0
4,0.546713885635,1.0,1.0
4,0.707719139114,1.0,2.0
4,0.723090454443,0.0,2.0
4,0.626876995158,1.0,1.0
4,0.58203917716,1.0,1.0
4,0.555104557487,1.0,1.0
4,0.624217538188,1.0,2.0
4,0.504709978965,1.0,2.0
4,0.599010020258,1.0,2.0
4,0.64008970445,1.0,2.0
4,0.726116093967,1.0,2.0
4,0.722581014414,1.0,2.0
4,0.622930151128,0.0,2.0
4,0.590414747156,1.0,1.0
4,0.567663501284,1.0,1.0
4,0.581587345413,1.0,2.0
4,0.723154473841,1.0,1.0
4,0.60218633954,1.0,2.0
4,0.922674442006,1.0,2.0
4,0.659257211227,1.0,2.0
4,0.735956850171,1.0,2.0
4,0.658667236778,1.0,1.0
4,0.6826881427,1.0,1.0
4,0.745859550145,1.0,1.0
4,0.676234066268,1.0,1.0
4,0.513071428269,1.0,1.0
4,0.519219480052,1.0,2.0
4,0.459772705904,1.0,1.0
4,0.810358345921,0.0,2.0
4,0.624824975294,1.0,1.0
4,0.615808574978,1.0,2.0
4,0.677048135783,1.0,2.0
4,0.556744350877,1.0,2.0
4,0.439569264054,1.0,1.0
4,0.405646558151,1.0,1.0
4,0.564892451364,1.0,1.0
4,0.495429277959,1.0,2.0
4,0.648279837366,1.0,2.0
4,0.601969018409,1.0,1.0
4,0.664130194539,1.0,1.0
4,0.609707697575,1.0,1.0
4,0.609276439634,1.0,1.0
4,0.690339225514,1.0,1.0
4,0.579193928763,1.0,2.0
4,0.460138918457,1.0,1.0
4,0.709455087599,1.0,1.0
4,0.405615049623,0.0,2.0
4,0.47522973925,1.0,2.0
4,1.12977363166,1.0,2.0
4,0.546783676977,1.0,2.0
4,0.602373504602,1.0,2.0
4,0.453935639664,1.0,2.0
4,0.598387967289,1.0,2.0
4,0.455190855027,1.0,2.0
4,0.44794041809,1.0,2.0
4,0.518709629203,1.0,1.0
4,0.626072912372,1.0,2.0
4,0.425410828133,1.0,2.0
4,0.718478661024,1.0,2.0
4,0.590494753226,1.0,2.0
4,0.594239606333,1.0,1.0
4,0.795470308044,1.0,1.0
4,0.558692460894,1.0,1.0
4,0.587202065392,1.0,1.0
4,0.527800836463,1.0,1.0
4,0.467526879747,1.0,1.0
4,0.186310228492,1.0,2.0
4,0.418537544823,1.0,1.0
4,0.42447441377,0.0,2.0
4,0.676022040263,1.0,2.0
4,0.812518547943,1.0,2.0
4,0.593025979403,1.0,1.0
4,0.648120689217,1.0,2.0
4,0.612676736454,1.0,1.0
4,0.492035293079,1.0,2.0
4,0.511959086738,1.0,2.0
4,0.507497378378,1.0,1.0
4,0.671830774063,1.0,1.0
4,0.833300809992,1.0,1.0
4,1.14127440142,1.0,2.0
4,0.502272333555,0.0,1.0
4,0.805374616003,1.0,1.0
4,0.545805821004,1.0,1.0
4,0.696323899187,1.0,2.0
4,0.442786373776,1.0,1.0
4,0.737151613279,1.0,2.0
4,0.601580768063,1.0,1.0
4,0.567066968899,1.0,2.0
4,0.473397722492,1.0,1.0
4,0.451945071576,1.0,1.0
4,0.451490293503,1.0,1.0
4,0.596251459398,0.0,2.0
4,0.55869075691,1.0,2.0
4,0.471304078196,1.0,2.0
4,0.496332509812,1.0,1.0
4,0.532746625914,1.0,1.0
4,0.499802954796,1.0,1.0
4,0.499601488692,1.0,1.0
4,0.53223351992,1.0,1.0
4,0.707545842745,1.0,1.0
4,0.566319669932,1.0,2.0
4,0.535137609411,1.0,1.0
4,0.590242047957,1.0,2.0
4,0.48715407502,1.0,2.0
4,0.595358223805,1.0,2.0
4,0.47181441257,1.0,1.0
4,0.661191887018,1.0,1.0
4,0.450310722958,1.0,2.0
4,0.611374313889,1.0,2.0
4,0.315645026047,1.0,2.0
4,0.871381026766,1.0,1.0
4,0.51165218045,1.0,2.0
4,0.578943518297,1.0,1.0
5,0.572054904937,1.0,1.0
5,0.645504109241,1.0,1.0
5,0.840635984005,1.0,1.0
5,0.705904484766,1.0,1.0
5,0.683076949357,0.0,1.0
5,0.622106173214,1.0,1.0
5,0.992155581516,1.0,2.0
5,0.782774364802,0.0,2.0
5,0.806293706788,1.0,2.0
5,1.1075651828,1.0,1.0
5,0.671072748352,1.0,2.0
5,0.566198695899,1.0,2.0
5,1.06379301327,1.0,1.0
5,0.576876469716,1.0,1.0
5,0.49955197521,1.0,1.0
5,0.53499382255,1.0,1.0
5,0.516103535013,1.0,2.0
5,0.611130698427,1.0,1.0
5,0.50377697371,1.0,1.0
5,0.585206164744,1.0,1.0
5,0.769063870585,1.0,2.0
5,0.569299209422,1.0,2.0
5,0.480318192117,0.0,1.0
5,0.826616472611,1.0,2.0
5,0.854030216668,1.0,1.0
5,0.627832369934,1.0,2.0
5,0.747776346895,1.0,2.0
5,0.786779780968,1.0,1.0
5,0.58712567508,1.0,2.0
5,0.870006003099,1.0,2.0
5,0.774166678549,1.0,2.0
5,0.789184289027,1.0,2.0
5,0.672420580087,1.0,1.0
5,0.630178138753,1.0,2.0
5,0.568741042645,1.0,2.0
5,0.738465496212,1.0,1.0
5,0.59904570882,1.0,1.0
5,0.884925332025,0.0,1.0
5,0.757360376866,1.0,2.0
5,0.657719879508,1.0,1.0
5,0.663250697932,1.0,1.0
5,0.570240222421,1.0,1.0
5,0.644493308675,0.0,1.0
5,0.836418056943,1.0,2.0
5,0.709039510195,1.0,2.0
5,0.630392839975,1.0,2.0
5,0.544670401324,1.0,1.0
5,0.818079993082,1.0,1.0
5,0.801013661117,1.0,2.0
5,0.712954951524,1.0,2.0
5,0.743189298256,1.0,2.0
5,0.890611764436,1.0,2.0
5,0.63300147104,1.0,2.0
5,0.63397707959,0.0,2.0
5,0.932724718268,0.0,1.0
5,0.975377650289,1.0,1.0
5,2.18748020943,1.0,2.0
5,0.731406803912,1.0,1.0
5,0.799462171195,1.0,1.0
5,0.818110103869,1.0,2.0
5,0.709319850567,1.0,1.0
5,0.753248345256,1.0,1.0
5,0.670574529976,1.0,1.0
5,0.660664011407,1.0,1.0
5,0.584628510219,1.0,1.0
5,1.02898682452,1.0,2.0
5,0.756605721808,1.0,2.0
5,1.25218209729,1.0,2.0
5,0.609568954637,1.0,1.0
5,0.600110937859,1.0,1.0
5,0.75040397089,1.0,2.0
5,0.696890963411,1.0,1.0
5,0.624034593081,1.0,1.0
5,1.45725471541,1.0,2.0
5,1.05610472794,1.0,2.0
5,0.549940538299,1.0,2.0
5,0.813591169173,1.0,2.0
5,0.482515405683,1.0,1.0
5,0.515746566456,1.0,1.0
5,0.690934381319,1.0,1.0
5,1.09540709014,1.0,2.0
5,0.594031042539,1.0,2.0
5,0.576854851643,1.0,1.0
5,0.644661021328,1.0,1.0
5,0.570142780505,1.0,1.0
5,1.11537421057,1.0,2.0
5,0.776035951182,1.0,2.0
5,0.670258834886,1.0,2.0
5,0.674930467606,1.0,1.0
5,0.651405980864,1.0,1.0
5,0.791064907866,1.0,2.0
5,0.63609881731,1.0,2.0
5,0.691073258699,1.0,1.0
5,0.579569618864,1.0,1.0
5,0.998965100217,1.0,2.0
5,0.642197720383,1.0,1.0
5,1.10614475519,1.0,2.0
5,0.780041775342,1.0,2.0
5,0.588134237675,1.0,2.0
5,0.651288883555,1.0,1.0
5,0.615118042825,1.0,2.0
5,0.741198628842,1.0,1.0
5,0.661639499606,1.0,2.0
5,0.705404256063,1.0,2.0
5,0.826593358086,1.0,1.0
5,0.724273103054,1.0,1.0
5,0.999907018851,1.0,2.0
5,0.840251656155,1.0,2.0
5,0.64029493183,1.0,1.0
5,0.935846217049,1.0,2.0
5,0.754791483287,1.0,2.0
5,0.834153653071,1.0,2.0
5,0.654643062149,1.0,2.0
5,0.806509439995,1.0,2.0
5,0.513256433858,1.0,2.0
5,0.560507727194,1.0,1.0
5,0.627416245672,1.0,1.0
5,0.516365080805,1.0,2.0
5,0.6386032089,1.0,1.0
5,0.802614098053,1.0,1.0
5,0.583827373763,1.0,1.0
5,0.743755600928,1.0,2.0
5,0.571574899148,1.0,2.0
5,0.617722743941,1.0,1.0
5,0.693428957037,1.0,1.0
5,0.563588714499,1.0,1.0
5,0.747583668564,1.0,2.0
5,0.697783538684,1.0,2.0
5,0.702164357991,1.0,1.0
5,0.768173286934,1.0,1.0
5,0.645548151847,1.0,2.0
5,0.64346596597,1.0,2.0
5,0.537785379601,1.0,2.0
5,0.556527531879,1.0,1.0
5,0.648671048257,1.0,1.0
5,0.565270921906,1.0,1.0
5,0.654669623805,1.0,2.0
5,0.870757982544,0.0,2.0
5,1.03818673947,1.0,2.0
5,0.615434181558,1.0,1.0
5,0.862788291328,1.0,2.0
5,0.530101515862,1.0,2.0
5,1.35588129012,1.0,2.0
5,0.523839622076,1.0,1.0
5,0.634414338756,1.0,2.0
5,0.698166270907,1.0,1.0
5,0.591210379866,1.0,2.0
5,0.522666760077,1.0,1.0
5,0.627381973763,1.0,1.0
5,0.624010569392,1.0,2.0
5,0.644994929007,1.0,2.0
5,0.613831512298,1.0,1.0
5,0.591662399193,1.0,1.0
5,0.547028214812,1.0,1.0
5,0.511150656285,1.0,2.0
5,0.578876123486,1.0,1.0
5,0.639188441326,1.0,1.0
5,0.543167612772,1.0,1.0
5,0.630316007793,1.0,2.0
5,0.800003262193,1.0,1.0
5,0.672410695391,1.0,1.0
5,0.642566553609,1.0,2.0
5,0.623195402295,1.0,2.0
5,0.599662737658,1.0,1.0
5,0.515548452197,1.0,1.0
5,0.680251765565,1.0,2.0
5,0.520713479355,1.0,2.0
5,0.578847609031,1.0,1.0
5,0.545088151918,1.0,2.0
5,0.577901886446,1.0,2.0
5,0.616200323643,1.0,1.0
5,0.528084641964,1.0,2.0
5,0.768969050636,1.0,1.0
5,0.462660780625,1.0,1.0
5,0.632917625302,1.0,2.0
5,0.559970869318,1.0,2.0
5,0.673949597476,1.0,1.0
5,0.556355286108,1.0,2.0
5,0.679255121639,1.0,2.0
5,0.655011133385,1.0,1.0
5,0.674561298383,1.0,1.0
5,0.640176829359,1.0,1.0
5,0.782718484702,1.0,1.0
5,0.641976116074,1.0,1.0
5,0.479671097668,1.0,1.0
5,0.615594133488,1.0,2.0
5,0.745944648599,1.0,2.0
5,0.521984577729,1.0,1.0
5,0.875935945534,0.0,2.0
5,0.68917073132,1.0,1.0
5,0.594123894161,1.0,2.0
5,0.545079610853,1.0,1.0
5,0.755409258939,1.0,1.0
5,1.24810884283,1.0,2.0
5,0.80241881858,1.0,1.0
5,0.537285582892,1.0,1.0
5,0.618187839922,1.0,2.0
5,0.784423947807,1.0,1.0
5,0.675316628608,1.0,1.0
5,0.518058585712,1.0,1.0
5,0.817804017478,1.0,1.0
5,0.519978956861,1.0,1.0
5,0.969723818633,1.0,2.0
5,0.520629978436,1.0,2.0
5,0.554339567017,1.0,2.0
5,0.603761530616,1.0,2.0
5,0.696201359512,1.0,1.0
5,0.753084373026,1.0,2.0
5,0.595677817229,1.0,2.0
5,0.517661754025,1.0,1.0
5,0.552406548386,1.0,1.0
5,0.453597571091,1.0,1.0
5,1.00175717008,1.0,2.0
5,0.506119154223,1.0,1.0
5,0.67524720033,1.0,1.0
5,0.652169714156,0.0,2.0
5,0.628146625044,1.0,1.0
5,0.699775834078,1.0,2.0
5,0.725894288074,0.0,1.0
5,0.705847872322,1.0,2.0
5,0.48931252572,1.0,1.0
5,0.602635423189,1.0,2.0
5,0.63306421258,1.0,2.0
5,0.766984984312,1.0,2.0
5,0.587794561247,1.0,2.0
5,1.04477709053,1.0,2.0
5,0.536971874129,1.0,2.0
5,0.570762764834,1.0,2.0
5,0.554847586443,1.0,2.0
5,0.687396338282,1.0,1.0
5,0.56072830234,1.0,2.0
5,0.533824530859,1.0,2.0
5,0.543593271263,1.0,1.0
5,0.822145192474,1.0,2.0
5,0.613096746631,1.0,2.0
5,0.666302063268,1.0,1.0
5,0.552062227665,1.0,1.0
5,0.681300899989,1.0,1.0
5,0.565247285035,1.0,2.0
5,0.664419374808,1.0,2.0
5,0.666108331774,1.0,2.0
5,0.676332694636,1.0,2.0
5,0.676002560908,1.0,1.0
5,0.65070792025,1.0,2.0
5,0.585594830537,1.0,2.0
5,0.520811104091,1.0,2.0
5,0.659337233401,1.0,1.0
5,0.498778891214,1.0,1.0
5,0.751348484667,1.0,2.0
5,0.633534891314,1.0,2.0
5,0.53866073192,1.0,1.0
5,0.708172785411,1.0,1.0
5,0.559483294805,1.0,1.0
5,0.63465840995,1.0,2.0
5,0.592656952323,0.0,1.0
5,0.615689595428,1.0,1.0
5,0.631432443697,1.0,1.0
5,0.536020193268,1.0,1.0
5,0.582977571584,1.0,1.0
5,0.532998299552,1.0,1.0
5,0.561759008177,1.0,1.0
5,0.513595408294,1.0,2.0
5,0.634933539212,1.0,1.0
5,0.551883909973,1.0,1.0
5,0.598893409614,1.0,2.0
5,0.595259301468,1.0,1.0
5,0.563349371596,1.0,2.0
5,0.552126304013,1.0,2.0
5,0.497716202967,1.0,2.0
5,0.609448560195,1.0,2.0
5,0.517795933111,1.0,1.0
5,0.455740056188,1.0,2.0
5,0.608072111655,1.0,2.0
5,0.464294199487,1.0,1.0
5,0.556125725902,1.0,2.0
5,0.588032587343,1.0,1.0
5,0.607729408443,1.0,2.0
5,1.40274650081,1.0,2.0
5,0.629095089593,1.0,2.0
5,0.718496533809,1.0,1.0
5,0.630787908039,1.0,1.0
5,0.641627988579,0.0,2.0
5,0.703279560736,1.0,1.0
5,0.586032756047,1.0,2.0
5,1.3696107208,1.0,1.0
5,0.553283689035,1.0,1.0
5,0.69838855603,1.0,1.0
5,0.552248681252,1.0,2.0
5,0.644275301142,1.0,2.0
5,0.58743965984,1.0,2.0
5,0.730176339835,1.0,1.0
5,0.739933836386,1.0,2.0
5,0.495605067111,1.0,2.0
5,0.809579167917,1.0,1.0
5,0.599924376273,1.0,2.0
5,0.607683373863,1.0,2.0
5,0.523012352781,1.0,1.0
5,0.940469751215,1.0,2.0
5,0.567713129948,1.0,2.0
5,0.546528322105,1.0,1.0
5,0.682987667336,1.0,1.0
5,0.564494375954,1.0,1.0
5,0.594958102542,0.0,1.0
5,0.503575790313,1.0,1.0
5,0.58643925961,1.0,1.0
5,0.656441607697,1.0,2.0
5,0.890335168016,1.0,2.0
5,0.625698947543,1.0,1.0
5,0.627004257827,1.0,2.0
5,0.609947210565,1.0,2.0
5,0.601788822145,1.0,2.0
5,0.647416710843,1.0,2.0
5,0.677814090288,1.0,2.0
5,0.626214064877,1.0,2.0
5,0.538763012949,1.0,1.0
5,0.887651699919,1.0,1.0
5,0.97458808486,1.0,2.0
5,0.612994607128,1.0,2.0
5,0.584977090532,1.0,2.0
5,0.65847081179,1.0,2.0
5,0.993886441941,1.0,2.0
5,0.951488110624,0.0,1.0
5,0.547991556345,1.0,1.0
5,0.948182060232,1.0,2.0
5,0.682173867868,1.0,2.0
5,0.681990120246,1.0,2.0
5,0.735863405062,1.0,2.0
5,0.536199803767,1.0,1.0
5,0.518282649989,1.0,2.0
5,0.588768342644,0.0,1.0
5,0.568432235817,1.0,1.0
5,0.746995241003,1.0,2.0
5,0.762060968034,1.0,2.0
5,0.970700399171,1.0,2.0
5,0.516611101269,0.0,1.0
5,0.650761127209,1.0,1.0
5,0.50518180753,1.0,1.0
5,0.651608130248,1.0,2.0
5,0.601811258678,1.0,1.0
5,0.627780191786,1.0,1.0
5,0.521298927779,1.0,1.0
5,0.468332828398,1.0,2.0
5,0.78547182507,1.0,1.0
5,0.645664769514,1.0,1.0
5,0.484926456481,1.0,1.0
5,0.66506523045,1.0,2.0
5,0.898003977595,1.0,1.0
5,0.629264884572,1.0,2.0
5,0.562427888698,1.0,2.0
5,0.65740701038,1.0,2.0
5,0.510889128494,1.0,1.0
5,0.726380662955,1.0,1.0
5,0.607212823952,1.0,1.0
5,0.68689999153,1.0,2.0
5,0.54769829214,1.0,1.0
5,0.586035936006,1.0,2.0
5,0.897079692733,0.0,1.0
5,0.7549004387,1.0,1.0
5,0.647814118523,1.0,1.0
5,0.635325702961,1.0,1.0
6,0.694940202656,1.0,2.0
6,0.721175219968,1.0,2.0
6,0.808838522678,1.0,2.0
6,0.7900981612,1.0,1.0
6,0.592444635893,1.0,1.0
6,1.00098870003,1.0,2.0
6,1.00356038357,1.0,2.0
6,0.679611484204,1.0,2.0
6,0.86405358213,1.0,1.0
6,0.854601436452,1.0,1.0
6,0.723689661428,1.0,2.0
6,0.632578311693,1.0,2.0
6,1.04751611509,1.0,2.0
6,0.661616726725,1.0,1.0
6,1.00797554961,1.0,2.0
6,1.21635891888,1.0,2.0
6,0.918832948397,1.0,2.0
6,0.831253830598,1.0,2.0
6,0.698565136569,1.0,2.0
6,0.695229707733,1.0,2.0
6,0.698180394724,1.0,1.0
6,0.786467287011,1.0,1.0
6,0.836424233687,1.0,1.0
6,0.639385346778,1.0,1.0
6,0.609796351694,1.0,1.0
6,0.735295017594,1.0,1.0
6,0.812190541299,1.0,1.0
6,0.703127807876,1.0,1.0
6,0.784880655544,1.0,1.0
6,0.738593225734,1.0,1.0
6,1.05081715519,1.0,2.0
6,0.78948820027,1.0,2.0
6,0.7851218616,1.0,1.0
6,0.905010609275,1.0,2.0
6,0.709145957993,1.0,2.0
6,1.04042476168,1.0,2.0
6,1.23664636952,1.0,1.0
6,0.87905863477,1.0,1.0
6,0.801298714252,1.0,2.0
6,0.868786648055,1.0,1.0
6,0.755940327243,1.0,1.0
6,0.818579675793,1.0,2.0
6,0.756021122198,1.0,2.0
6,0.759127819169,1.0,1.0
6,0.6813059371,1.0,1.0
6,0.662454013066,1.0,1.0
6,0.660078820627,1.0,1.0
6,0.804790594239,1.0,1.0
6,0.642709780579,1.0,1.0
6,0.702912182666,1.0,2.0
6,0.706482022115,1.0,2.0
6,0.691035117193,1.0,1.0
6,0.632969992624,1.0,1.0
6,0.825154651528,1.0,2.0
6,0.743532940985,1.0,2.0
6,0.608059562994,0.0,1.0
6,0.995998144612,1.0,1.0
6,1.26617410822,1.0,2.0
6,1.07264809467,1.0,2.0
6,0.730871673661,1.0,1.0
6,0.842925011559,1.0,2.0
6,0.709843076972,1.0,1.0
6,0.603390147421,1.0,1.0
6,0.974768625348,1.0,2.0
6,1.39939665416,1.0,2.0
6,0.654751954739,1.0,2.0
6,0.786596726512,1.0,1.0
6,0.931076245955,1.0,2.0
6,0.906278194871,1.0,2.0
6,0.583711743259,1.0,1.0
6,1.49729937918,1.0,2.0
6,0.703504659822,1.0,1.0
6,0.607290016129,1.0,1.0
6,0.643525152027,1.0,2.0
6,0.67238479055,1.0,1.0
6,0.686819346573,1.0,1.0
6,0.89083172759,1.0,1.0
6,0.732293214088,1.0,1.0
6,0.778047467151,1.0,2.0
6,0.917681779295,1.0,1.0
6,0.827075121499,1.0,1.0
6,0.774123175936,1.0,1.0
6,0.844394815714,1.0,2.0
6,0.820591899752,1.0,1.0
6,0.625256759618,1.0,2.0
6,1.35217165213,1.0,2.0
6,0.688670838966,1.0,2.0
6,0.747569652392,1.0,1.0
6,0.639320736437,1.0,1.0
6,0.81500473888,1.0,2.0
6,1.05079211469,1.0,1.0
6,0.987325979664,1.0,1.0
6,0.800834518259,1.0,2.0
6,1.12447021603,1.0,2.0
6,0.673763401885,1.0,2.0
6,0.728758624183,1.0,1.0
6,0.727171299548,1.0,2.0
6,0.682149037012,1.0,2.0
6,0.751521417253,1.0,2.0
6,1.09218726781,1.0,2.0
6,0.910337355163,1.0,1.0
6,0.718658294893,1.0,2.0
6,0.905300861518,1.0,2.0
6,0.645630665604,1.0,2.0
6,0.634614460519,1.0,1.0
6,0.67335533199,1.0,2.0
6,0.77966016228,1.0,1.0
6,0.822657108673,1.0,2.0
6,0.758226162485,1.0,2.0
6,0.731761830964,1.0,2.0
6,0.964263145301,1.0,1.0
6,0.719067093249,1.0,1.0
6,0.800560639804,1.0,1.0
6,0.693555033406,1.0,1.0
6,0.665360573451,1.0,1.0
6,0.731043958608,1.0,1.0
6,0.848848755722,1.0,2.0
6,0.745240323714,1.0,2.0
6,1.13812780011,1.0,1.0
6,0.917062173313,1.0,2.0
6,0.776748717957,1.0,2.0
6,0.679335145428,1.0,2.0
6,1.09634743997,1.0,2.0
6,0.806460267456,1.0,2.0
6,0.854004564176,1.0,2.0
6,0.783849491242,1.0,1.0
6,0.837509145646,1.0,1.0
6,0.843270661086,1.0,2.0
6,0.937858407833,1.0,2.0
6,0.671956180096,1.0,2.0
6,0.646977147354,1.0,1.0
6,1.34360525099,1.0,2.0
6,1.14389056071,1.0,1.0
6,0.666946236108,1.0,2.0
6,0.718876163721,1.0,1.0
6,0.666286847464,1.0,1.0
6,0.730214406167,1.0,1.0
6,0.772346128109,1.0,1.0
6,0.754298934485,1.0,2.0
6,0.611172256712,1.0,1.0
6,1.11402614201,1.0,2.0
6,0.744686758877,1.0,2.0
6,0.785737279635,1.0,2.0
6,0.788500036705,1.0,1.0
6,1.3126797312,1.0,1.0
6,0.947268821226,1.0,2.0
6,0.965099741297,1.0,1.0
6,0.63105466141,1.0,1.0
6,0.770844815538,1.0,1.0
6,0.650579410737,1.0,1.0
6,0.721830975482,1.0,2.0
6,0.835624138041,1.0,1.0
6,0.729552467909,1.0,2.0
6,0.65496900793,1.0,2.0
6,0.633251742977,1.0,1.0
6,1.01512952703,1.0,2.0
6,0.697354127417,1.0,2.0
6,0.760422947233,1.0,1.0
6,1.05765098275,1.0,2.0
6,0.802146401282,1.0,2.0
6,0.646228455867,1.0,1.0
6,0.673616838605,1.0,1.0
6,0.791362284841,1.0,1.0
6,0.779854112947,1.0,2.0
6,0.927639988424,1.0,2.0
6,0.699477755112,1.0,2.0
6,0.624896188285,1.0,1.0
6,0.74635483329,1.0,2.0
6,1.71483911879,1.0,2.0
6,0.719810156809,1.0,2.0
6,1.19050561946,1.0,2.0
6,0.745526058015,1.0,1.0
6,0.811083108454,1.0,2.0
6,0.881248537607,1.0,1.0
6,0.665170819907,1.0,2.0
6,0.784214652163,1.0,2.0
6,0.748689843896,1.0,2.0
6,0.649562507897,1.0,2.0
6,1.14614558953,1.0,2.0
6,1.49146835147,1.0,2.0
6,0.757569453337,1.0,2.0
6,0.758830829012,1.0,2.0
6,0.593894151488,1.0,2.0
6,0.659690856824,1.0,1.0
6,0.61797249671,1.0,2.0
6,0.692806411446,1.0,1.0
6,1.04593050325,1.0,2.0
6,0.867627522703,1.0,1.0
6,0.722713123242,1.0,2.0
6,0.610977847228,1.0,2.0
6,0.840506718854,1.0,1.0
6,1.15138372574,1.0,2.0
6,0.642313806879,1.0,1.0
6,0.827608367775,1.0,1.0
6,1.35990764002,1.0,2.0
6,0.615005811102,1.0,1.0
6,0.751527789523,1.0,1.0
6,0.920539047142,1.0,2.0
6,0.656400673403,1.0,2.0
6,0.695238650794,1.0,1.0
6,0.779738455267,1.0,1.0
6,0.812152018621,1.0,1.0
6,0.768765311273,1.0,2.0
6,1.07987857992,1.0,1.0
6,0.587503777834,1.0,1.0
6,0.599552197913,1.0,1.0
6,0.677617866005,1.0,2.0
6,0.563841074057,1.0,1.0
6,0.720588172741,1.0,1.0
6,0.916711777848,1.0,2.0
6,0.607989765896,1.0,1.0
6,0.694749357126,1.0,2.0
6,0.80074486742,1.0,2.0
6,0.631252676848,1.0,1.0
6,0.776193365145,1.0,1.0
6,0.698884992782,1.0,2.0
6,0.643499700357,1.0,1.0
6,0.784933782033,1.0,1.0
6,0.583588945672,1.0,1.0
6,0.805283145865,1.0,1.0
6,0.529847962321,1.0,1.0
6,0.92219796885,1.0,1.0
6,0.74571198361,1.0,2.0
6,0.569022760176,1.0,1.0
6,0.583310270456,1.0,1.0
6,0.775669478748,1.0,2.0
6,0.608834348144,1.0,1.0
6,0.566073072348,1.0,2.0
6,1.13662996467,1.0,1.0
6,1.30810073164,1.0,2.0
6,0.723038405857,1.0,1.0
6,1.21856415435,1.0,1.0
6,0.790768163706,1.0,1.0
6,0.636169982389,1.0,1.0
6,0.807593199617,1.0,2.0
6,1.01384104688,1.0,1.0
6,0.667506874853,1.0,1.0
6,0.692245457529,1.0,2.0
6,0.698524244274,1.0,1.0
6,0.682699005071,1.0,2.0
6,0.816208113307,1.0,2.0
6,1.40815316284,1.0,2.0
6,0.724481399182,1.0,1.0
6,0.812061264148,1.0,1.0
6,0.65176792618,1.0,1.0
6,1.27346680984,1.0,2.0
6,0.784487567808,1.0,2.0
6,0.755676903828,1.0,2.0
6,0.65758657288,1.0,1.0
6,0.727604208769,1.0,1.0
6,0.987230446077,1.0,2.0
6,0.658813461355,1.0,2.0
6,0.646282242347,1.0,1.0
6,0.576897952262,1.0,1.0
6,0.950955158698,1.0,2.0
6,1.45101095021,1.0,2.0
6,0.981084314439,1.0,1.0
6,0.617143859433,1.0,1.0
6,0.795750028059,1.0,1.0
6,1.09453015632,1.0,2.0
6,0.779359332174,1.0,2.0
6,1.2232352799,1.0,2.0
6,0.757614509577,1.0,2.0
6,1.27542906327,1.0,2.0
6,1.186213707,1.0,2.0
6,0.812517183072,1.0,1.0
6,1.63550852377,1.0,2.0
6,0.891072312475,1.0,1.0
6,1.01582813717,1.0,2.0
6,0.659205177933,1.0,1.0
6,0.786221272196,1.0,1.0
6,0.796241265702,1.0,1.0
6,0.705712958067,1.0,1.0
6,0.852097719677,1.0,1.0
6,0.712869029812,1.0,2.0
6,0.770278650864,1.0,2.0
6,0.676286411234,1.0,1.0
6,0.664323261699,1.0,1.0
6,0.741250387348,1.0,1.0
6,0.859929409502,1.0,2.0
6,0.721132053703,1.0,1.0
6,0.80732460427,1.0,2.0
6,0.694553492837,1.0,1.0
6,0.611093915726,1.0,1.0
6,0.863687169695,1.0,1.0
6,1.02841177114,1.0,2.0
6,1.36907511938,1.0,2.0
6,0.843538485619,1.0,2.0
6,0.754144121664,1.0,2.0
6,0.821671348606,1.0,2.0
6,0.875680612839,1.0,2.0
6,0.734763757292,1.0,1.0
6,0.961135481776,1.0,2.0
6,0.630783251746,1.0,1.0
6,0.984925650727,1.0,2.0
6,0.614479225093,1.0,2.0
6,0.570004122653,1.0,1.0
6,0.725818943873,1.0,2.0
6,0.783861604732,1.0,1.0
6,0.928958222187,1.0,1.0
6,0.55884381708,1.0,1.0
6,0.921222543473,1.0,2.0
6,0.682976894652,1.0,1.0
6,0.604093248323,1.0,2.0
6,0.601998777428,1.0,2.0
6,0.566546868217,1.0,1.0
6,0.552560851213,1.0,2.0
6,0.602217372599,1.0,2.0
6,0.628253396838,1.0,1.0
6,0.7217446126,1.0,1.0
6,0.691313576413,1.0,1.0
6,0.903335724596,1.0,2.0
6,0.746593783374,1.0,2.0
6,0.760678837921,1.0,1.0
6,0.702919898566,1.0,2.0
6,0.692460569569,1.0,2.0
6,0.63494436025,1.0,1.0
6,0.668797361799,1.0,2.0
6,0.843330858307,1.0,2.0
6,0.660497240388,1.0,1.0
6,0.660651705213,1.0,2.0
6,0.62827260859,1.0,1.0
6,0.82834016348,1.0,2.0
6,0.720518081649,1.0,1.0
6,0.778117264247,1.0,1.0
6,0.805498807074,1.0,1.0
6,0.699267865828,1.0,2.0
6,0.764450839107,1.0,2.0
6,1.25730582698,1.0,2.0
6,0.698904306533,1.0,2.0
6,0.712644056724,1.0,1.0
6,1.07870079234,1.0,1.0
6,0.61302075479,1.0,1.0
6,0.571975999958,1.0,1.0
6,0.721436300943,1.0,1.0
6,0.766692197277,1.0,2.0
6,1.24264053477,1.0,2.0
6,0.635095779937,1.0,1.0
6,0.818310002929,1.0,2.0
6,0.73870648627,1.0,2.0
6,0.716556254919,1.0,2.0
6,0.63021080233,1.0,2.0
6,0.63876618479,1.0,2.0
6,0.651399309303,1.0,2.0
6,0.708108190247,1.0,1.0
6,0.73874425578,1.0,1.0
6,0.566365688562,1.0,1.0
6,0.753496225696,1.0,2.0
6,0.855355815866,1.0,1.0
6,1.08973291275,1.0,2.0
6,1.4837752902,1.0,2.0
6,0.672813049831,1.0,1.0
6,0.874810806919,1.0,1.0
6,0.686758693711,1.0,1.0
6,0.69895808666,1.0,1.0
6,0.596005142992,1.0,1.0
6,0.651886394647,1.0,1.0
6,0.750553476954,1.0,1.0
6,0.756693659494,1.0,1.0
6,0.901554938818,1.0,2.0
8,0.696415299502,1.0,2.0
8,1.11152896773,1.0,2.0
8,1.72816736772,0.0,2.0
8,0.632512855758,1.0,1.0
8,0.550579534898,1.0,2.0
8,0.592304348545,1.0,2.0
8,1.36590134328,1.0,2.0
8,0.744670055341,1.0,2.0
8,0.978642806065,1.0,1.0
8,0.901639668806,1.0,1.0
8,0.720214027515,1.0,2.0
8,1.02462372131,1.0,2.0
8,0.664145914041,1.0,2.0
8,0.678249087305,1.0,2.0
8,0.760006846995,1.0,1.0
8,0.88477603552,1.0,2.0
8,0.65642356707,1.0,1.0
8,0.676784015093,1.0,1.0
8,0.654699999293,1.0,1.0
8,0.630967885478,1.0,2.0
8,0.484278911259,1.0,2.0
8,0.743615820087,1.0,1.0
8,1.06528027183,1.0,1.0
8,0.938809960968,1.0,2.0
8,0.756332184403,1.0,1.0
8,1.46649209172,1.0,2.0
8,0.681597158145,1.0,1.0
8,0.703211039545,1.0,1.0
8,0.667522112617,1.0,1.0
8,0.707161663537,1.0,1.0
8,0.970467136194,0.0,1.0
8,1.61119668697,0.0,2.0
8,0.854238978107,1.0,1.0
8,0.750485215431,1.0,2.0
8,0.827913499874,1.0,1.0
8,1.0483161275,1.0,2.0
8,0.801105710183,1.0,1.0
8,0.97147594552,1.0,2.0
8,1.02904588686,1.0,2.0
8,0.695477658326,0.0,1.0
8,0.997313124346,1.0,2.0
8,1.155169047,1.0,2.0
8,0.773845440752,1.0,2.0
8,0.719234446737,1.0,1.0
8,0.847822353669,0.0,2.0
8,1.27536554338,1.0,2.0
8,1.34912858832,1.0,2.0
8,0.93215154481,1.0,1.0
8,0.712789706213,1.0,1.0
8,0.800717798655,1.0,2.0
8,0.584577567268,1.0,2.0
8,0.900231713233,1.0,1.0
8,0.709445220866,1.0,1.0
8,0.735710135668,1.0,1.0
8,0.759821526739,1.0,1.0
8,0.629330173713,1.0,2.0
8,0.857093286064,1.0,2.0
8,0.790015984556,1.0,1.0
8,0.846403667023,1.0,2.0
8,0.854706223705,1.0,2.0
8,0.897783823446,1.0,2.0
8,0.865202008921,1.0,1.0
8,1.30347961713,1.0,2.0
8,1.07679588263,1.0,2.0
8,0.798612928818,1.0,1.0
8,0.83585012635,1.0,2.0
8,0.696026731159,1.0,1.0
8,0.67946222506,1.0,1.0
8,1.09671884194,1.0,2.0
8,0.675846443093,1.0,1.0
8,1.23538316768,1.0,1.0
8,0.744118453356,1.0,2.0
8,0.651158964622,1.0,1.0
8,0.783531845584,1.0,1.0
8,0.777134717791,1.0,1.0
8,0.763093799942,1.0,1.0
8,0.908147117556,1.0,1.0
8,0.982385952015,1.0,1.0
8,0.602833337449,1.0,2.0
8,0.722617206073,1.0,1.0
8,0.609343906177,1.0,1.0
8,0.774522210377,1.0,1.0
8,0.772541920196,1.0,1.0
8,0.675842684304,1.0,1.0
8,0.503294133116,1.0,1.0
8,0.62425825945,1.0,2.0
8,0.636943103244,1.0,1.0
8,0.620055614181,1.0,2.0
8,0.712670970508,1.0,2.0
8,0.724550714698,1.0,1.0
8,0.611782990865,1.0,2.0
8,0.882829969014,1.0,2.0
8,0.905092993478,1.0,1.0
8,0.725314900683,1.0,1.0
8,0.677305593359,1.0,1.0
8,1.07978601448,1.0,2.0
8,0.888764825155,1.0,1.0
8,0.824023511308,1.0,1.0
8,0.587595991685,1.0,2.0
8,0.571247195556,1.0,2.0
8,1.07981523703,1.0,2.0
8,1.1721266214,1.0,2.0
8,0.882127114452,1.0,1.0
8,0.624276091636,1.0,2.0
8,0.78399218525,1.0,1.0
8,0.835707525341,1.0,1.0
8,0.523833097806,1.0,2.0
8,0.742432466399,1.0,1.0
8,0.726958687213,1.0,1.0
8,0.779034839907,1.0,1.0
8,0.678436816714,1.0,1.0
8,0.555109618261,1.0,2.0
8,1.10542505082,1.0,2.0
8,1.01674256183,1.0,2.0
8,0.85931618432,1.0,1.0
8,0.798831527587,1.0,2.0
8,0.633337857173,1.0,2.0
8,0.523525066706,1.0,2.0
8,0.575427347037,1.0,2.0
8,1.03528019101,1.0,2.0
8,0.911907339345,1.0,2.0
8,1.07255178022,1.0,2.0
8,0.598464844214,1.0,1.0
8,0.679948535661,1.0,1.0
8,0.839233725332,1.0,2.0
8,0.553928301735,1.0,1.0
8,0.683345439338,1.0,1.0
8,0.997488469871,1.0,2.0
8,0.718820774626,1.0,1.0
8,1.13930619512,1.0,1.0
8,0.636303269264,1.0,2.0
8,0.624978577027,1.0,2.0
8,0.606715543738,1.0,1.0
8,0.619060811547,1.0,2.0
8,0.590963987986,1.0,1.0
8,0.524202001157,1.0,1.0
8,0.697595851569,1.0,2.0
8,0.612489862215,1.0,2.0
8,0.886569955812,1.0,1.0
8,0.575545873096,1.0,1.0
8,0.677396117684,1.0,2.0
8,0.743018520061,1.0,1.0
8,0.546965019272,1.0,2.0
8,0.495140908675,1.0,2.0
8,0.591727285624,1.0,1.0
8,0.534173481308,1.0,2.0
8,0.6556369233,1.0,1.0
8,0.683464643393,1.0,1.0
8,0.878908709092,1.0,2.0
8,0.639009879789,1.0,1.0
8,0.631246438857,1.0,2.0
8,0.603307242989,1.0,1.0
8,0.660519461348,1.0,2.0
8,0.778544425346,1.0,1.0
8,0.882019922639,1.0,2.0
8,0.840925766228,1.0,1.0
8,0.805789416103,1.0,2.0
8,1.03308902081,1.0,2.0
8,0.596208808623,1.0,2.0
8,0.543699052007,1.0,1.0
8,0.63031188165,1.0,1.0
8,0.740629741365,1.0,1.0
8,0.680545424864,1.0,1.0
8,0.808332300167,1.0,1.0
8,0.65000665429,1.0,1.0
8,0.549527307154,1.0,1.0
8,0.632728356086,1.0,2.0
8,0.68309336371,1.0,2.0
8,1.04220499901,1.0,2.0
8,0.709859834966,1.0,2.0
8,0.690071448033,1.0,2.0
8,1.02443128229,1.0,2.0
8,0.626514034575,1.0,2.0
8,0.672633044513,1.0,1.0
8,0.648199969295,1.0,2.0
8,0.961988582811,1.0,2.0
8,1.00964822261,1.0,2.0
8,0.529876879747,1.0,1.0
8,0.703397103793,1.0,1.0
8,0.536774742002,1.0,1.0
8,0.513659281558,1.0,2.0
8,0.490242920772,0.0,1.0
8,1.020231121,1.0,2.0
8,0.529577671739,1.0,2.0
8,0.840594356527,1.0,1.0
8,0.660931807466,1.0,2.0
8,0.632777897619,1.0,1.0
8,0.629209008031,1.0,1.0
8,0.688707214049,1.0,2.0
8,0.607136850947,1.0,2.0
8,0.755092035251,1.0,2.0
8,0.633509551557,1.0,1.0
8,0.626712698351,1.0,2.0
8,0.779299098242,1.0,1.0
8,0.608415783732,1.0,2.0
8,0.676131815231,0.0,2.0
8,1.17910573136,1.0,2.0
8,0.774223440014,1.0,1.0
8,0.495452878913,1.0,1.0
8,0.575294307466,1.0,2.0
8,0.770372643434,1.0,2.0
8,1.1538970378,0.0,1.0
8,0.613927520684,1.0,2.0
8,0.966211118248,1.0,2.0
8,0.950734179914,1.0,2.0
8,0.76677569811,1.0,1.0
8,0.56683531708,1.0,1.0
8,0.52033951351,1.0,2.0
8,0.576063668224,1.0,1.0
8,0.817063705988,1.0,2.0
8,0.835362834936,1.0,1.0
8,1.04487655187,1.0,2.0
8,0.79451488021,1.0,2.0
8,0.79866531715,1.0,2.0
8,0.832666109145,1.0,1.0
8,0.751806466174,1.0,1.0
8,0.723695386747,1.0,1.0
8,0.69136975499,1.0,2.0
8,0.640077767741,1.0,1.0
8,0.748221373917,1.0,1.0
8,0.750674804825,1.0,1.0
8,0.680187519061,1.0,2.0
8,0.841824665771,1.0,1.0
8,0.675002941032,1.0,2.0
8,1.03385943156,1.0,1.0
8,0.696805407006,1.0,1.0
8,0.795405577832,1.0,1.0
8,0.576748216958,1.0,1.0
8,0.655203082559,1.0,1.0
8,1.18556846853,1.0,2.0
8,0.735248664838,1.0,1.0
8,0.71972906408,1.0,2.0
8,0.725750919406,1.0,2.0
8,1.20487735515,1.0,2.0
8,0.552649443416,1.0,2.0
8,0.569163973159,1.0,1.0
8,0.606189366688,1.0,1.0
8,0.692217757009,1.0,1.0
8,0.994589135164,1.0,1.0
8,0.844085516492,1.0,2.0
8,0.907894541109,1.0,1.0
8,0.71307934749,1.0,2.0
8,0.659610403905,1.0,1.0
8,0.543388743754,1.0,1.0
8,0.882482326284,1.0,2.0
8,0.6518199604,1.0,2.0
8,0.666133284507,1.0,1.0
8,0.587506484528,0.0,2.0
8,0.626855812181,1.0,1.0
8,0.856601521868,1.0,1.0
8,0.553370672631,1.0,2.0
8,0.687272405554,1.0,1.0
8,0.618415619618,1.0,1.0
8,0.627982715574,1.0,1.0
8,0.695497833316,1.0,1.0
8,0.71181720572,1.0,1.0
8,0.868436272482,1.0,2.0
8,0.866762702233,1.0,2.0
8,0.642087451648,1.0,1.0
8,0.545461355421,1.0,1.0
8,0.809125726697,1.0,1.0
8,0.612541378079,1.0,2.0
8,0.771696863794,1.0,2.0
8,0.574105130658,1.0,2.0
8,0.513625057883,1.0,1.0
8,0.497241206904,1.0,1.0
8,0.707288160345,1.0,1.0
8,0.816027902558,1.0,1.0
8,0.603620037695,1.0,2.0
8,0.820849622356,1.0,2.0
8,1.1083022341,1.0,1.0
8,0.788678711142,1.0,2.0
8,0.770401245165,1.0,2.0
8,0.660047868962,1.0,1.0
8,0.568945482042,1.0,2.0
8,0.667165982792,1.0,1.0
8,0.776694927928,1.0,2.0
8,0.785331846644,1.0,1.0
8,0.532096744857,0.0,1.0
8,0.654620190871,1.0,1.0
8,1.2779349232,1.0,2.0
8,0.573885289548,1.0,1.0
8,0.579243002303,1.0,2.0
8,0.7729052916,1.0,2.0
8,0.661727373154,1.0,2.0
8,0.665262389881,1.0,1.0
8,0.487916223847,1.0,1.0
8,0.650454733252,1.0,2.0
8,0.512257883925,1.0,1.0
8,0.823029389841,1.0,2.0
8,0.742548241313,1.0,2.0
8,0.614543756881,1.0,1.0
8,1.21684573616,1.0,2.0
8,0.554387276239,1.0,2.0
8,0.617176172458,1.0,1.0
8,0.664739407628,1.0,1.0
8,0.710841551725,1.0,2.0
8,0.712536442952,1.0,2.0
8,0.69350171175,1.0,2.0
8,0.613646153681,1.0,2.0
8,0.471872708022,1.0,2.0
8,0.56346675396,1.0,1.0
8,0.666740037621,0.0,1.0
8,0.692382575457,1.0,2.0
8,0.963680561243,1.0,2.0
8,0.607524984116,1.0,1.0
8,1.10707409048,1.0,2.0
8,0.745207956279,1.0,2.0
8,0.69273874693,1.0,2.0
8,1.05030947673,1.0,1.0
8,0.632279413134,1.0,2.0
8,0.753356914403,1.0,2.0
8,0.934051624925,0.0,1.0
8,0.594145959214,1.0,1.0
8,0.660848636249,1.0,1.0
8,0.834585947076,1.0,2.0
8,0.679293017831,1.0,1.0
8,0.728328405145,1.0,1.0
8,0.586946065803,1.0,1.0
8,0.663029885716,1.0,1.0
8,0.548520138633,1.0,1.0
8,0.614166930784,1.0,2.0
8,0.8082863706,1.0,1.0
8,0.841496574034,1.0,2.0
8,0.952451906571,1.0,2.0
8,0.665412415296,1.0,2.0
8,0.783413721518,1.0,1.0
8,0.720115004446,1.0,1.0
8,0.644568602293,1.0,1.0
8,1.0284888401,1.0,2.0
8,0.735306666644,1.0,2.0
8,0.606924410593,1.0,2.0
8,0.662144093232,1.0,1.0
8,0.496531539586,1.0,1.0
8,0.513575120352,1.0,1.0
8,0.739778352203,1.0,2.0
8,0.751218378533,1.0,2.0
8,0.741574375301,1.0,1.0
8,0.574842067719,1.0,2.0
8,0.770955013129,1.0,1.0
8,0.513547976607,1.0,2.0
8,0.674596045683,1.0,2.0
8,0.641203531144,1.0,2.0
8,0.848524163888,1.0,2.0
8,0.728315487268,1.0,1.0
8,0.681439554453,1.0,2.0
8,0.626858413332,1.0,2.0
8,0.672122428143,1.0,1.0
8,0.488478322557,1.0,1.0
8,0.739481760171,1.0,1.0
8,0.71280483525,1.0,2.0
8,0.656216107025,1.0,2.0
8,0.776471534857,1.0,1.0
8,0.788478909846,1.0,1.0
8,0.609481982876,1.0,1.0
8,0.684409130503,1.0,2.0
8,0.66412971737,1.0,2.0
8,0.661358589448,1.0,2.0
8,0.692388836222,1.0,1.0
8,0.567116507609,1.0,2.0
9,0.689054218828,1.0,1.0
9,0.649048191729,1.0,1.0
9,0.626228291046,1.0,1.0
9,0.680509717404,1.0,2.0
9,0.576195016535,1.0,1.0
9,0.687535974475,1.0,1.0
9,0.584218799521,1.0,1.0
9,0.675465465506,1.0,1.0
9,0.547338593618,1.0,1.0
9,0.708012254312,1.0,1.0
9,0.715459255939,1.0,1.0
9,0.664993042207,1.0,1.0
9,0.752522336299,1.0,2.0
9,1.0071804999,1.0,1.0
9,0.68750751402,1.0,1.0
9,0.706637207283,1.0,1.0
9,0.785071036257,1.0,2.0
9,0.595233720975,1.0,1.0
9,0.66164932748,1.0,1.0
9,0.600230279138,1.0,2.0
9,0.800891775519,1.0,1.0
9,0.737343153912,1.0,2.0
9,0.569761632614,1.0,1.0
9,0.722088552501,1.0,1.0
9,0.684115805913,1.0,2.0
9,0.703884932078,1.0,2.0
9,1.38826976533,1.0,2.0
9,0.664462919068,1.0,2.0
9,1.10646575421,1.0,1.0
9,0.671781951174,1.0,2.0
9,0.492030463723,1.0,1.0
9,0.566489679781,1.0,2.0
9,0.719175917017,1.0,2.0
9,0.531743541436,1.0,2.0
9,0.620269077812,1.0,1.0
9,0.948535989652,1.0,1.0
9,0.603259754285,1.0,2.0
9,0.58497535373,1.0,2.0
9,0.565728757628,1.0,1.0
9,0.499016839311,1.0,1.0
9,0.960857628548,1.0,2.0
9,0.63421053057,1.0,2.0
9,0.630895966287,1.0,1.0
9,0.966670892964,1.0,2.0
9,0.615157897133,1.0,1.0
9,0.51319008954,1.0,2.0
9,0.627723774515,1.0,1.0
9,0.546414908748,1.0,2.0
9,0.638602824904,1.0,2.0
9,0.88186032569,1.0,2.0
9,1.33328109777,1.0,1.0
9,0.874021019139,1.0,1.0
9,0.656782133643,1.0,1.0
9,0.679764131052,0.0,2.0
9,0.717800854813,1.0,2.0
9,1.26713371462,1.0,2.0
9,0.864074783032,1.0,1.0
9,0.608955567399,1.0,2.0
9,0.914453425074,1.0,2.0
9,1.14707795946,1.0,2.0
9,0.708677708877,1.0,2.0
9,0.559529577853,1.0,2.0
9,0.847064469166,1.0,2.0
9,0.495802968549,1.0,1.0
9,0.567109492937,1.0,1.0
9,0.533266742078,1.0,1.0
9,0.568750480877,1.0,1.0
9,0.558603889009,1.0,1.0
9,0.725059576052,1.0,1.0
9,0.679376443246,1.0,1.0
9,0.63100516805,1.0,2.0
9,1.03994851784,1.0,2.0
9,0.531582488697,1.0,1.0
9,0.51918264399,1.0,1.0
9,0.570401605509,1.0,1.0
9,0.56269792685,1.0,2.0
9,0.6249645214,1.0,2.0
9,0.617386265472,1.0,2.0
9,0.550874003043,1.0,2.0
9,0.642449527948,1.0,2.0
9,0.531399917059,1.0,2.0
9,0.502760901682,1.0,2.0
9,0.522344018254,1.0,2.0
9,0.56167279247,1.0,1.0
9,0.595348457491,1.0,1.0
9,0.834086703113,1.0,2.0
9,0.629359707345,1.0,1.0
9,0.563020632674,1.0,1.0
9,0.67134315003,1.0,1.0
9,0.598885138898,1.0,1.0
9,0.629903963479,1.0,1.0
9,0.505353519307,1.0,1.0
9,0.60840839248,1.0,2.0
9,0.446367265482,1.0,1.0
9,0.424816225555,0.0,1.0
9,0.60861618779,1.0,2.0
9,0.746674535976,1.0,1.0
9,0.896190168245,1.0,2.0
9,0.644186739466,1.0,2.0
9,0.624344420248,1.0,1.0
9,0.730706453799,1.0,2.0
9,0.730739465372,1.0,2.0
9,0.762751895093,0.0,2.0
9,0.506020056328,1.0,2.0
9,0.784606576268,1.0,2.0
9,0.546277735347,1.0,1.0
9,0.553976508892,1.0,2.0
9,0.77006112968,1.0,2.0
9,0.746458799945,1.0,2.0
9,0.559309539876,1.0,2.0
9,1.16071870211,1.0,2.0
9,0.87964600317,1.0,1.0
9,0.630872080596,1.0,2.0
9,0.663529478325,1.0,2.0
9,0.723759392878,1.0,1.0
9,0.756635589069,1.0,2.0
9,0.614296953451,1.0,1.0
9,0.542125819431,1.0,1.0
9,0.667057180319,1.0,1.0
9,0.510524249215,1.0,2.0
9,0.647702426792,1.0,2.0
9,0.442848032201,1.0,1.0
9,0.535885387013,1.0,2.0
9,0.636569028047,1.0,2.0
9,0.630814019701,1.0,1.0
9,0.565829673498,1.0,1.0
9,0.514053217547,1.0,2.0
9,0.668814569929,1.0,2.0
9,0.513538922202,1.0,1.0
9,0.600688166389,1.0,1.0
9,0.887262817775,1.0,2.0
9,0.753669413454,1.0,1.0
9,0.650280323431,1.0,1.0
9,0.530047456563,1.0,1.0
9,0.660809722345,1.0,2.0
9,0.643146253754,1.0,2.0
9,0.530430959599,1.0,1.0
9,0.494009322115,1.0,1.0
9,0.570034197087,1.0,1.0
9,0.578940439829,1.0,1.0
9,0.560898391315,0.0,1.0
9,1.35270992317,1.0,2.0
9,0.489400028589,1.0,1.0
9,0.467847251506,1.0,2.0
9,0.552854178592,1.0,2.0
9,0.642855527517,1.0,2.0
9,0.496224220275,1.0,2.0
9,0.6542914007,1.0,1.0
9,0.720773903161,1.0,1.0
9,0.664334406732,1.0,2.0
9,0.580201821506,1.0,1.0
9,0.56699276127,0.0,1.0
9,0.591815211214,1.0,2.0
9,0.553278975919,1.0,1.0
9,0.975789704134,1.0,2.0
9,0.493174414566,1.0,2.0
9,0.622110523158,1.0,1.0
9,0.987174160805,1.0,2.0
9,0.560020071505,1.0,1.0
9,0.665784437966,1.0,2.0
9,0.593392788799,1.0,2.0
9,0.58528598771,1.0,2.0
9,0.888864941042,1.0,2.0
9,0.62418226917,1.0,1.0
9,0.60868426891,1.0,2.0
9,0.57013749775,1.0,2.0
9,0.59503317957,1.0,2.0
9,0.629751091456,1.0,2.0
9,0.831021297607,1.0,2.0
9,0.597734884608,1.0,2.0
9,0.640807331199,1.0,1.0
9,0.514323900867,1.0,2.0
9,0.537971364842,1.0,2.0
9,0.596608708005,1.0,1.0
9,0.571122043008,1.0,1.0
9,0.533409065883,1.0,2.0
9,0.77992008774,1.0,1.0
9,0.511669199222,1.0,2.0
9,0.569246026464,1.0,2.0
9,0.625723067231,1.0,2.0
9,1.08069995447,1.0,2.0
9,0.647136190473,1.0,2.0
9,0.667194080547,1.0,2.0
9,0.613620851848,1.0,1.0
9,0.475204161123,1.0,1.0
9,0.954419243869,1.0,1.0
9,0.598139006201,1.0,1.0
9,0.660528406809,1.0,1.0
9,0.824088570501,1.0,1.0
9,0.811270783202,1.0,2.0
9,0.561354340238,1.0,2.0
9,0.626242783682,1.0,2.0
9,0.527744338367,1.0,2.0
9,0.505186853112,1.0,1.0
9,0.619152192266,1.0,2.0
9,0.511426760712,1.0,1.0
9,0.483664420814,1.0,1.0
9,0.550362116844,1.0,2.0
9,0.705667370657,1.0,2.0
9,0.531606173567,1.0,1.0
9,0.570174754444,1.0,2.0
9,0.772176984297,1.0,2.0
9,0.480992079397,1.0,2.0
9,0.433740764885,0.0,1.0
9,0.472228145988,1.0,2.0
9,0.595855834925,1.0,1.0
9,0.643358045367,1.0,1.0
9,0.569383436332,1.0,2.0
9,0.50162749835,0.0,1.0
9,0.480081705178,1.0,2.0
9,1.09120424336,1.0,2.0
9,0.449821825599,0.0,1.0
9,0.618772565531,1.0,1.0
9,0.892141816636,1.0,2.0
9,0.675413281358,1.0,2.0
9,0.619712177372,1.0,1.0
9,0.496992645507,0.0,1.0
9,0.671871095198,1.0,2.0
9,0.511577130766,1.0,1.0
9,0.501851223455,1.0,1.0
9,0.471114404049,1.0,2.0
9,0.586483158218,1.0,2.0
9,0.768731252537,1.0,1.0
9,0.56488243858,1.0,1.0
9,0.51590255879,1.0,1.0
9,0.53001913693,1.0,2.0
9,0.641879706498,1.0,1.0
9,0.454508466949,1.0,2.0
9,0.566948953014,0.0,1.0
9,0.513414141818,1.0,1.0
9,0.921484754903,1.0,1.0
9,0.603608157424,1.0,1.0
9,1.03367471386,1.0,2.0
9,0.691359122176,1.0,1.0
9,0.547607693312,1.0,1.0
9,0.418069867684,1.0,1.0
9,0.552994504777,1.0,1.0
9,0.641704142769,1.0,2.0
9,0.633994485366,1.0,1.0
9,0.565289662486,1.0,1.0
9,0.90074199134,1.0,2.0
9,0.499304151594,1.0,1.0
9,0.485320642205,1.0,2.0
9,0.401134252852,1.0,2.0
9,0.483281334946,1.0,2.0
9,0.655019986447,1.0,2.0
9,0.51582580743,1.0,2.0
9,0.906404844056,1.0,2.0
9,0.632611833258,1.0,2.0
9,0.538150795695,1.0,1.0
9,0.757975644903,1.0,1.0
9,0.518489788132,0.0,2.0
9,0.623609882932,1.0,1.0
9,0.678960858271,1.0,2.0
9,0.583227636349,1.0,1.0
9,0.997283060808,1.0,1.0
9,1.0104433025,1.0,1.0
9,0.590747600208,1.0,2.0
9,0.568386639232,1.0,1.0
9,0.579081852,1.0,2.0
9,0.471529323033,1.0,1.0
9,0.559443152148,1.0,2.0
9,0.520029347386,1.0,1.0
9,0.642077058767,1.0,2.0
9,0.645530344078,1.0,1.0
9,0.554055992687,1.0,1.0
9,0.543522948998,1.0,1.0
9,0.419868206411,1.0,2.0
9,0.882308699887,1.0,2.0
9,0.538959939226,1.0,2.0
9,0.522169252516,1.0,1.0
9,0.519699663299,1.0,2.0
9,0.629096877923,1.0,1.0
9,0.613097889791,1.0,1.0
9,0.46742972291,1.0,2.0
9,0.516772865174,1.0,2.0
9,0.454506760148,1.0,2.0
9,0.513768494407,1.0,2.0
9,0.596465997029,1.0,1.0
9,0.659946843512,1.0,2.0
9,0.527870108741,0.0,2.0
9,0.546574011512,0.0,1.0
9,0.537913039596,1.0,2.0
9,0.558675105263,1.0,2.0
9,0.479898119554,1.0,1.0
9,1.30701325171,1.0,1.0
9,0.466559344173,1.0,1.0
9,0.6068245838,1.0,1.0
9,0.553782939398,1.0,2.0
9,0.704415592034,1.0,2.0
9,0.736507724723,0.0,2.0
9,0.755473707281,1.0,1.0
9,1.61662933574,0.0,2.0
9,0.672527402705,1.0,1.0
9,0.499038687853,1.0,2.0
9,0.62635745702,1.0,1.0
9,0.529804858877,1.0,1.0
9,0.606849093836,0.0,2.0
9,0.672959274292,1.0,2.0
9,0.686597925793,1.0,1.0
9,0.629770123211,1.0,2.0
9,1.28067873451,1.0,2.0
9,0.546228767158,1.0,1.0
9,0.61387455574,1.0,1.0
9,0.592279830025,1.0,2.0
9,0.45461073598,1.0,2.0
9,0.63488714499,1.0,2.0
9,0.577095253708,1.0,1.0
9,0.561727235412,1.0,1.0
9,0.471634954489,1.0,1.0
9,0.711240797707,1.0,1.0
9,0.655892164808,1.0,1.0
9,0.528256458916,1.0,1.0
9,1.30831045892,1.0,1.0
9,0.570489864014,1.0,2.0
9,0.430376056427,1.0,2.0
9,0.636079668382,1.0,1.0
9,0.518816663902,1.0,1.0
9,0.448848158201,1.0,1.0
9,0.500226372484,1.0,1.0
9,0.546780846835,1.0,2.0
9,0.728741839222,1.0,1.0
9,0.434620935494,1.0,1.0
9,1.0034266513,1.0,2.0
9,0.60306683843,0.0,1.0
9,0.630641794754,1.0,2.0
9,0.425647865615,1.0,1.0
9,0.563881426711,1.0,2.0
9,0.674325516258,1.0,1.0
9,0.542899821414,1.0,1.0
9,0.761159035706,1.0,1.0
9,0.684454813174,1.0,2.0
9,0.576907668959,1.0,1.0
9,0.581924399214,1.0,1.0
9,0.487672486121,1.0,2.0
9,0.545500130585,1.0,2.0
9,0.558557812781,1.0,1.0
9,0.478668336646,1.0,2.0
9,0.512868238882,1.0,1.0
9,0.642519759862,1.0,2.0
9,0.533449538536,1.0,2.0
9,0.606828003754,1.0,1.0
9,0.490841632756,1.0,1.0
9,0.500857156319,1.0,1.0
9,0.552245021301,1.0,2.0
9,0.476242621684,1.0,1.0
9,0.487238199388,1.0,1.0
9,0.629511499381,1.0,1.0
9,0.687697789557,1.0,2.0
9,0.562228318928,0.0,1.0
9,0.435472297298,1.0,1.0
9,0.495558364069,0.0,2.0
9,0.483690589297,1.0,1.0
9,0.610295044065,1.0,2.0
9,0.499447384564,0.0,2.0
9,0.695981699178,1.0,2.0
9,0.534367682654,1.0,2.0
9,0.625751777214,1.0,2.0
9,0.571168788403,1.0,2.0
9,0.576161728966,1.0,2.0
